"","mgi_symbol","Frequency.x","WT_percent_Myh11_TFs","Frequency.y","MutAll_percent_Myh11_TFs","Δfrequency","Δpercent","Murine_RNA-seq_cluster_UP","Murine_RNA-seq_cluster_DOWN"
"1","Myh11",9700,100,9344,96.3298969072165,356,3.67010309278351,"NAcluster_1,cluster_2,cluster_3,","NAcluster_6,cluster_7,"
"21","Pde4b",2289,23.5979381443299,2211,22.7938144329897,78,0.8041237113402,"NAcluster_1,",NA
"55","Phactr1",2030,20.9278350515464,2014,20.7628865979381,16,0.1649484536083,"NAcluster_1,cluster_2,",NA
"60","Fry",2013,20.7525773195876,1955,20.1546391752577,58,0.597938144329902,"NAcluster_1,",NA
"61","Sorbs2",2012,20.7422680412371,1950,20.1030927835052,62,0.6391752577319,"NAcluster_1,cluster_3,",NA
"119","Lpp",1848,19.0515463917526,1790,18.4536082474227,58,0.597938144329898,"NAcluster_1,cluster_2,cluster_3,","NAcluster_6,cluster_7,"
"129","Tsc22d1",1831,18.8762886597938,1818,18.7422680412371,13,0.134020618556701,"NAcluster_6,cluster_7,","NAcluster_3,"
"138","Foxp2",1817,18.7319587628866,1814,18.7010309278351,3,0.0309278350515001,"NAcluster_1,",NA
"170","Tns1",1767,18.2164948453608,1749,18.0309278350515,18,0.185567010309299,"NAcluster_1,cluster_2,","NAcluster_6,cluster_7,"
"200","Sulf1",1727,17.8041237113402,1717,17.7010309278351,10,0.103092783505101,"NAcluster_5,","NAcluster_7,"
"234","Dpysl3",1687,17.3917525773196,1623,16.7319587628866,64,0.659793814433002,"NAcluster_1,cluster_3,","NAcluster_7,"
"263","Palld",1650,17.0103092783505,1635,16.8556701030928,15,0.154639175257703,"NAcluster_3,",NA
"270","Slc7a2",1642,16.9278350515464,1627,16.7731958762887,15,0.154639175257699,"NAcluster_5,","NAcluster_1,cluster_2,"
"285","Ptprb",1627,16.7731958762887,1622,16.7216494845361,5,0.0515463917525985,"NAcluster_2,",NA
"295","Mme",1617,16.6701030927835,1565,16.1340206185567,52,0.536082474226799,"NAcluster_4,cluster_6,",NA
"320","Dab2",1598,16.4742268041237,1587,16.360824742268,11,0.113402061855698,"NAcluster_7,","NAcluster_1,cluster_2,cluster_3,"
"348","Limch1",1573,16.2164948453608,1560,16.0824742268041,13,0.134020618556701,"NAcluster_1,",NA
"363","Rbpms",1564,16.1237113402062,1505,15.5154639175258,59,0.6082474226804,"NAcluster_1,cluster_2,cluster_3,","NAcluster_6,cluster_7,"
"373","Adamtsl1",1561,16.0927835051546,1544,15.9175257731959,17,0.1752577319587,"NAcluster_1,",NA
"431","Bdnf",1548,15.9587628865979,1540,15.8762886597938,8,0.0824742268040985,NA,"NAcluster_7,"
"446","Col15a1",1536,15.8350515463918,1473,15.1855670103093,63,0.649484536082499,"NAcluster_3,cluster_4,cluster_5,","NAcluster_6,cluster_7,"
"451","Rcan2",1535,15.8247422680412,1522,15.6907216494845,13,0.134020618556701,"NAcluster_1,",NA
"468","Mical2",1526,15.7319587628866,1495,15.4123711340206,31,0.319587628866001,"NAcluster_1,cluster_3,",NA
"477","Plcb4",1518,15.6494845360825,1514,15.6082474226804,4,0.0412371134021008,"NAcluster_1,cluster_2,",NA
"491","Myo10",1509,15.5567010309278,1504,15.5051546391753,5,0.051546391752499,"NAcluster_4,",NA
"505","Lims2",1502,15.4845360824742,1492,15.3814432989691,10,0.103092783505101,"NAcluster_1,",NA
"530","Ppp1r12b",1491,15.3711340206186,1483,15.2886597938144,8,0.0824742268041998,"NAcluster_1,cluster_3,",NA
"542","Mtus2",1487,15.3298969072165,1480,15.2577319587629,7,0.0721649484536009,"NAcluster_1,",NA
"550","Dnajb4",1483,15.2886597938144,1475,15.2061855670103,8,0.0824742268041003,"NAcluster_1,cluster_3,",NA
"1060","Cystm1",1473,15.1855670103093,1458,15.0309278350515,15,0.154639175257801,"NAcluster_1,",NA
"1063","Gpm6b",1473,15.1855670103093,1386,14.2886597938144,87,0.896907216494901,"NAcluster_4,","NAcluster_1,cluster_2,"
"1064","Pkp4",1473,15.1855670103093,1450,14.9484536082474,23,0.237113402061901,"NAcluster_1,",NA
"1146","Kif26b",1451,14.9587628865979,1399,14.4226804123711,52,0.536082474226799,"NAcluster_3,",NA
"1192","Fhl1",1434,14.7835051546392,1426,14.7010309278351,8,0.0824742268040985,"NAcluster_1,cluster_2,cluster_3,","NAcluster_6,cluster_7,"
"1243","Col4a1",1417,14.6082474226804,1412,14.5567010309278,5,0.0515463917526002,"NAcluster_1,cluster_3,cluster_4,","NAcluster_6,cluster_7,"
"1250","Phldb2",1413,14.5670103092784,1408,14.5154639175258,5,0.0515463917526002,"NAcluster_3,",NA
"1324","Srgn",1390,14.3298969072165,1385,14.2783505154639,5,0.0515463917526002,NA,"NAcluster_1,cluster_3,"
"1325","Net1",1390,14.3298969072165,1383,14.2577319587629,7,0.0721649484536009,"NAcluster_1,",NA
"1337","Filip1l",1386,14.2886597938144,1369,14.1134020618557,17,0.1752577319587,"NAcluster_1,cluster_2,cluster_3,","NAcluster_6,cluster_7,"
"1349","Atf3",1383,14.2577319587629,1315,13.5567010309278,68,0.701030927835101,"NAcluster_6,","NAcluster_5,"
"1354","Gsn",1382,14.2474226804124,1378,14.2061855670103,4,0.0412371134021008,"NAcluster_7,","NAcluster_2,cluster_3,"
"1381","Trps1",1375,14.1752577319588,1371,14.1340206185567,4,0.041237113402099,"NAcluster_7,","NAcluster_1,cluster_2,cluster_3,"
"1394","Calcrl",1370,14.1237113402062,1365,14.0721649484536,5,0.0515463917525985,"NAcluster_4,","NAcluster_7,"
"1478","Tsc22d3",1345,13.8659793814433,1343,13.8453608247423,2,0.0206185567009989,"NAcluster_7,","NAcluster_1,cluster_3,"
"1510","Lgmn",1337,13.7835051546392,1313,13.5360824742268,24,0.247422680412399,"NAcluster_2,","NAcluster_6,cluster_7,"
"1513","Ltbp1",1337,13.7835051546392,1273,13.1237113402062,64,0.659793814433,"NAcluster_1,cluster_2,","NAcluster_6,cluster_7,"
"1545","Col18a1",1330,13.7113402061856,1318,13.5876288659794,12,0.123711340206199,"NAcluster_1,cluster_2,cluster_3,","NAcluster_6,cluster_7,"
"1559","Heg1",1326,13.6701030927835,1321,13.6185567010309,5,0.0515463917525985,"NAcluster_2,","NAcluster_7,"
"1560","Alpl",1326,13.6701030927835,1303,13.4329896907216,23,0.237113402061899,"NAcluster_7,","NAcluster_3,cluster_5,"
"1620","Thsd4",1313,13.5360824742268,1289,13.2886597938144,24,0.2474226804124,"NAcluster_1,",NA
"1621","Sgms2",1313,13.5360824742268,1254,12.9278350515464,59,0.608247422680401,"NAcluster_7,",NA
"1655","Pam",1305,13.4536082474227,1293,13.3298969072165,12,0.123711340206199,"NAcluster_1,","NAcluster_6,"
"1697","Papss2",1298,13.3814432989691,1289,13.2886597938144,9,0.0927835051546992,"NAcluster_7,","NAcluster_1,cluster_2,cluster_3,"
"1711","Ano1",1294,13.340206185567,1222,12.5979381443299,72,0.7422680412371,"NAcluster_1,cluster_5,","NAcluster_7,"
"1722","Serpinb6a",1292,13.319587628866,1285,13.2474226804124,7,0.0721649484535991,"NAcluster_5,","NAcluster_7,"
"1723","Por",1292,13.319587628866,1241,12.7938144329897,51,0.525773195876299,NA,"NAcluster_7,"
"1725","Csrp2",1291,13.3092783505155,1287,13.2680412371134,4,0.0412371134021008,"NAcluster_1,cluster_2,cluster_3,","NAcluster_6,cluster_7,"
"1738","Dclk1",1288,13.2783505154639,1277,13.1649484536082,11,0.1134020618557,"NAcluster_3,cluster_4,","NAcluster_7,"
"2229","Slpi",1287,13.2680412371134,1281,13.2061855670103,6,0.0618556701030997,"NAcluster_6,","NAcluster_1,"
"2238","Nfasc",1286,13.2577319587629,1279,13.1855670103093,7,0.0721649484535991,"NAcluster_2,",NA
"2267","Jam2",1279,13.1855670103093,1218,12.5567010309278,61,0.628865979381501,"NAcluster_5,","NAcluster_1,"
"2270","Ntn1",1279,13.1855670103093,1273,13.1237113402062,6,0.0618556701031014,"NAcluster_1,","NAcluster_7,"
"2271","Smpd3",1278,13.1752577319588,1273,13.1237113402062,5,0.0515463917526002,"NAcluster_7,",NA
"2277","Lsp1",1278,13.1752577319588,1263,13.020618556701,15,0.154639175257799,NA,"NAcluster_1,"
"2280","Pdzrn4",1276,13.1546391752577,1273,13.1237113402062,3,0.0309278350515001,"NAcluster_7,","NAcluster_3,cluster_5,"
"2308","Cd200",1272,13.1134020618557,1268,13.0721649484536,4,0.041237113402099,"NAcluster_1,cluster_2,cluster_7,","NAcluster_5,"
"2310","Tnc",1272,13.1134020618557,1220,12.5773195876289,52,0.5360824742268,"NAcluster_5,","NAcluster_1,cluster_2,cluster_7,"
"2312","Rtp4",1272,13.1134020618557,1262,13.0103092783505,10,0.1030927835052,"NAcluster_4,",NA
"2344","Wwp2",1264,13.0309278350515,1201,12.3814432989691,63,0.649484536082401,"NAcluster_7,","NAcluster_4,"
"2348","Kcnj15",1263,13.020618556701,1251,12.8969072164948,12,0.123711340206201,"NAcluster_1,","NAcluster_7,"
"2537","Enpp2",1233,12.7113402061856,1229,12.6701030927835,4,0.0412371134021008,"NAcluster_7,","NAcluster_2,cluster_3,"
"2552","Entpd1",1231,12.6907216494845,1179,12.1546391752577,52,0.5360824742268,"NAcluster_1,",NA
"2673","Fat1",1226,12.639175257732,1218,12.5567010309278,8,0.0824742268041998,"NAcluster_3,cluster_5,","NAcluster_7,"
"2687","Fgfr1",1225,12.6288659793814,1208,12.4536082474227,17,0.1752577319587,"NAcluster_7,",NA
"2701","Dmd",1222,12.5979381443299,1170,12.0618556701031,52,0.5360824742268,"NAcluster_1,",NA
"2719","Map1b",1218,12.5567010309278,1149,11.8453608247423,69,0.711340206185499,"NAcluster_1,cluster_2,cluster_3,","NAcluster_5,cluster_6,cluster_7,"
"2721","Ngf",1218,12.5567010309278,1211,12.4845360824742,7,0.0721649484535991,"NAcluster_5,",NA
"2725","Pecam1",1217,12.5463917525773,1208,12.4536082474227,9,0.0927835051545998,"NAcluster_2,","NAcluster_7,"
"2730","Islr",1215,12.5257731958763,1203,12.4020618556701,12,0.123711340206199,"NAcluster_7,",NA
"2788","Tfap2b",1205,12.4226804123711,1198,12.3505154639175,7,0.0721649484536009,"NAcluster_1,",NA
"2821","Rnase4",1199,12.360824742268,1195,12.319587628866,4,0.0412371134020013,"NAcluster_4,cluster_5,","NAcluster_7,"
"2868","Lmo2",1192,12.2886597938144,1187,12.2371134020619,5,0.0515463917525008,"NAcluster_2,",NA
"2876","Ece1",1191,12.2783505154639,1186,12.2268041237113,5,0.0515463917526002,"NAcluster_2,cluster_4,","NAcluster_7,"
"2883","Tuba1b",1190,12.2680412371134,1176,12.1237113402062,14,0.1443298969072,"NAcluster_1,cluster_3,","NAcluster_7,"
"2897","Gstt1",1188,12.2474226804124,1116,11.5051546391753,72,0.7422680412371,"NAcluster_1,cluster_3,",NA
"2899","Nfkbiz",1187,12.2371134020619,1168,12.0412371134021,19,0.195876288659798,"NAcluster_6,","NAcluster_1,"
"2900","Ifrd1",1187,12.2371134020619,1182,12.1855670103093,5,0.0515463917525985,"NAcluster_2,",NA
"2977","Gda",1177,12.1340206185567,1109,11.4329896907216,68,0.701030927835101,"NAcluster_4,cluster_5,","NAcluster_1,cluster_7,"
"2980","Fmo2",1177,12.1340206185567,1165,12.0103092783505,12,0.123711340206201,"NAcluster_1,cluster_2,cluster_3,","NAcluster_6,cluster_7,"
"3004","Itga10",1174,12.1030927835052,1171,12.0721649484536,3,0.0309278350515996,"NAcluster_7,","NAcluster_3,cluster_4,"
"3016","Nexn",1172,12.0824742268041,1158,11.9381443298969,14,0.1443298969072,"NAcluster_1,cluster_2,cluster_3,","NAcluster_6,cluster_7,"
"3027","Myom1",1170,12.0618556701031,1158,11.9381443298969,12,0.123711340206199,"NAcluster_1,cluster_3,",NA
"3032","Cald1",1169,12.0515463917526,1145,11.8041237113402,24,0.2474226804124,"NAcluster_1,cluster_2,cluster_3,","NAcluster_6,cluster_7,"
"3040","Kcnab1",1168,12.0412371134021,1165,12.0103092783505,3,0.0309278350516013,"NAcluster_1,cluster_3,",NA
"3041","Itga9",1168,12.0412371134021,1155,11.9072164948454,13,0.134020618556701,"NAcluster_1,cluster_2,",NA
"3109","1190005I06Rik",1160,11.9587628865979,1150,11.8556701030928,10,0.103092783505099,"NAcluster_1,",NA
"3134","Akap12",1156,11.9175257731959,1149,11.8453608247423,7,0.0721649484535991,"NAcluster_3,",NA
"3144","Timp1",1155,11.9072164948454,1107,11.4123711340206,48,0.494845360824801,"NAcluster_5,","NAcluster_1,cluster_2,cluster_7,"
"3156","Psap",1153,11.8865979381443,1144,11.7938144329897,9,0.0927835051545998,"NAcluster_1,cluster_4,","NAcluster_6,cluster_7,"
"3163","Synpo2",1152,11.8762886597938,1148,11.8350515463918,4,0.0412371134020013,"NAcluster_1,cluster_3,","NAcluster_6,cluster_7,"
"3165","Sp7",1152,11.8762886597938,1147,11.8247422680412,5,0.0515463917526002,"NAcluster_7,",NA
"3182","Ptp4a3",1148,11.8350515463918,1134,11.6907216494845,14,0.144329896907299,"NAcluster_1,cluster_3,","NAcluster_6,cluster_7,"
"3205","Itgbl1",1145,11.8041237113402,1112,11.4639175257732,33,0.340206185567,"NAcluster_3,cluster_4,cluster_5,","NAcluster_6,cluster_7,"
"3227","Pi15",1142,11.7731958762887,1135,11.7010309278351,7,0.0721649484535991,"NAcluster_3,",NA
"3244","Gja1",1140,11.7525773195876,1089,11.2268041237113,51,0.525773195876299,"NAcluster_5,","NAcluster_7,"
"3845","Ngef",1127,11.6185567010309,1110,11.4432989690722,17,0.1752577319587,"NAcluster_7,","NAcluster_3,"
"3902","Esd",1122,11.5670103092784,1116,11.5051546391753,6,0.0618556701030997,NA,"NAcluster_7,"
"3927","Lgr6",1119,11.5360824742268,1116,11.5051546391753,3,0.0309278350515001,"NAcluster_1,",NA
"3931","Klf6",1118,11.5257731958763,1057,10.8969072164948,61,0.6288659793815,"NAcluster_3,","NAcluster_7,"
"3952","Col9a1",1116,11.5051546391753,1106,11.4020618556701,10,0.1030927835052,"NAcluster_7,","NAcluster_1,cluster_3,cluster_4,"
"3957","Mfap5",1115,11.4948453608247,1111,11.4536082474227,4,0.0412371134019995,"NAcluster_1,cluster_2,cluster_3,","NAcluster_6,cluster_7,"
"3959","Blvrb",1115,11.4948453608247,1109,11.4329896907216,6,0.0618556701030997,NA,"NAcluster_7,"
"3995","S100a10",1112,11.4639175257732,1052,10.8453608247423,60,0.618556701030899,"NAcluster_5,","NAcluster_1,cluster_6,cluster_7,"
"4167","Tm4sf1",1096,11.2989690721649,1071,11.0412371134021,25,0.257731958762799,"NAcluster_1,cluster_2,cluster_3,cluster_5,","NAcluster_7,"
"4184","Adamts1",1094,11.2783505154639,1090,11.2371134020619,4,0.0412371134020013,"NAcluster_3,",NA
"4187","Lmna",1094,11.2783505154639,1090,11.2371134020619,4,0.0412371134020013,"NAcluster_3,cluster_5,","NAcluster_7,"
"4362","Mylk",1079,11.1237113402062,1066,10.9896907216495,13,0.134020618556699,"NAcluster_1,cluster_2,cluster_3,","NAcluster_6,cluster_7,"
"4368","Serpinh1",1079,11.1237113402062,1009,10.4020618556701,70,0.721649484536099,"NAcluster_7,","NAcluster_1,cluster_2,"
"4371","Ncmap",1078,11.1134020618557,1072,11.0515463917526,6,0.0618556701030997,"NAcluster_7,",NA
"4372","Vim",1078,11.1134020618557,1071,11.0412371134021,7,0.0721649484535991,"NAcluster_1,cluster_3,cluster_5,","NAcluster_6,cluster_7,"
"4374","Mgp",1078,11.1134020618557,1029,10.6082474226804,49,0.5051546391753,"NAcluster_3,cluster_5,","NAcluster_1,cluster_6,cluster_7,"
"4904","Dusp1",1073,11.0618556701031,1062,10.9484536082474,11,0.1134020618557,"NAcluster_4,","NAcluster_7,"
"4935","Medag",1070,11.0309278350515,1013,10.4432989690722,57,0.587628865979299,"NAcluster_5,",NA
"4948","Col1a1",1069,11.020618556701,1062,10.9484536082474,7,0.0721649484536009,"NAcluster_3,cluster_5,","NAcluster_1,cluster_2,"
"4975","Csrp1",1067,11,1057,10.8969072164948,10,0.1030927835052,"NAcluster_1,cluster_2,cluster_3,","NAcluster_6,cluster_7,"
"5548","Ephx1",1060,10.9278350515464,1009,10.4020618556701,51,0.525773195876299,"NAcluster_5,","NAcluster_7,"
"5550","Glipr1",1060,10.9278350515464,1058,10.9072164948454,2,0.0206185567009989,NA,"NAcluster_7,"
"5593","Col6a3",1057,10.8969072164948,1055,10.8762886597938,2,0.0206185567009989,"NAcluster_3,cluster_5,","NAcluster_1,cluster_2,cluster_6,"
"5613","Fibin",1056,10.8865979381443,1049,10.8144329896907,7,0.0721649484536009,"NAcluster_7,","NAcluster_2,cluster_3,"
"5673","Lum",1052,10.8453608247423,1041,10.7319587628866,11,0.1134020618557,"NAcluster_5,cluster_6,","NAcluster_1,cluster_2,cluster_7,"
"5720","Cav1",1049,10.8144329896907,982,10.1237113402062,67,0.6907216494845,"NAcluster_1,cluster_3,","NAcluster_6,cluster_7,"
"5727","Pdpn",1049,10.8144329896907,1043,10.7525773195876,6,0.0618556701030997,"NAcluster_5,",NA
"5728","Tpm1",1049,10.8144329896907,1032,10.639175257732,17,0.1752577319587,"NAcluster_1,cluster_3,","NAcluster_6,cluster_7,"
"5747","Pdlim1",1047,10.7938144329897,1042,10.7422680412371,5,0.0515463917526002,"NAcluster_1,cluster_2,cluster_3,","NAcluster_6,cluster_7,"
"5856","Actb",1045,10.7731958762887,1041,10.7319587628866,4,0.041237113402099,"NAcluster_1,cluster_2,cluster_3,","NAcluster_6,cluster_7,"
"5939","Raph1",1041,10.7319587628866,1038,10.7010309278351,3,0.0309278350515001,"NAcluster_7,","NAcluster_1,cluster_2,"
"5986","Igfbp4",1037,10.6907216494845,986,10.1649484536082,51,0.525773195876299,"NAcluster_4,cluster_5,","NAcluster_7,"
"6006","Flna",1036,10.680412371134,1023,10.5463917525773,13,0.134020618556701,"NAcluster_1,cluster_2,cluster_3,","NAcluster_6,cluster_7,"
"6009","Bicc1",1036,10.680412371134,984,10.1443298969072,52,0.5360824742268,"NAcluster_3,cluster_4,","NAcluster_1,"
"6039","Sulf2",1035,10.6701030927835,1024,10.5567010309278,11,0.1134020618557,"NAcluster_1,cluster_2,","NAcluster_7,"
"6055","Postn",1034,10.659793814433,1032,10.639175257732,2,0.0206185567010007,"NAcluster_1,cluster_3,","NAcluster_6,cluster_7,"
"6060","Smc4",1033,10.6494845360825,1030,10.6185567010309,3,0.0309278350515996,NA,"NAcluster_1,"
"6143","Pdgfra",1031,10.6288659793814,1018,10.4948453608247,13,0.134020618556701,"NAcluster_4,","NAcluster_7,"
"6147","Sod2",1031,10.6288659793814,1024,10.5567010309278,7,0.0721649484536009,"NAcluster_6,","NAcluster_7,"
"6166","Col12a1",1029,10.6082474226804,1021,10.5257731958763,8,0.0824742268041003,"NAcluster_3,","NAcluster_1,cluster_2,"
"6230","Gm13889",1026,10.5773195876289,1021,10.5257731958763,5,0.0515463917526002,"NAcluster_1,cluster_3,","NAcluster_5,"
"6262","Htra3",1024,10.5567010309278,1023,10.5463917525773,1,0.0103092783504994,"NAcluster_3,",NA
"6340","Nrn1",1021,10.5257731958763,971,10.0103092783505,50,0.5154639175258,NA,"NAcluster_1,"
"6353","Gpc6",1020,10.5154639175258,969,9.98969072164948,51,0.525773195876321,"NAcluster_3,","NAcluster_5,"
"6398","Slc38a3",1019,10.5051546391753,1013,10.4432989690722,6,0.0618556701030997,"NAcluster_7,",NA
"6497","Cxcl10",1015,10.4639175257732,1013,10.4432989690722,2,0.0206185567009989,"NAcluster_4,",NA
"6535","Rasl11b",1013,10.4432989690722,1007,10.3814432989691,6,0.0618556701031014,"NAcluster_1,",NA
"6602","Antxr1",1011,10.4226804123711,1008,10.3917525773196,3,0.0309278350515001,"NAcluster_3,cluster_4,","NAcluster_7,"
"6640","Osr1",1010,10.4123711340206,1002,10.3298969072165,8,0.0824742268040985,"NAcluster_1,","NAcluster_6,cluster_7,"
"6652","Ier5",1009,10.4020618556701,1006,10.3711340206186,3,0.0309278350515001,"NAcluster_6,","NAcluster_5,"
"6673","Il6st",1008,10.3917525773196,1006,10.3711340206186,2,0.0206185567010007,NA,"NAcluster_7,"
"6677","Cdh5",1008,10.3917525773196,1002,10.3298969072165,6,0.0618556701030997,"NAcluster_2,",NA
"6686","Pth1r",1008,10.3917525773196,1002,10.3298969072165,6,0.0618556701030997,"NAcluster_7,","NAcluster_1,cluster_2,cluster_5,cluster_6,"
"6711","Dbi",1007,10.3814432989691,1002,10.3298969072165,5,0.0515463917525985,NA,"NAcluster_5,"
"6715","Vcam1",1006,10.3711340206186,989,10.1958762886598,17,0.1752577319588,"NAcluster_2,cluster_3,cluster_4,cluster_5,","NAcluster_6,cluster_7,"
"6768","Kcnj8",1004,10.3505154639175,953,9.82474226804124,51,0.52577319587626,"NAcluster_1,",NA
"6814","Wif1",1002,10.3298969072165,998,10.2886597938144,4,0.0412371134021008,"NAcluster_7,","NAcluster_3,cluster_5,"
"6850","Bmp2",1002,10.3298969072165,998,10.2886597938144,4,0.0412371134021008,NA,"NAcluster_1,cluster_4,"
"6855","Vldlr",1001,10.319587628866,997,10.2783505154639,4,0.041237113402099,"NAcluster_1,",NA
"6913","Lmo4",999,10.2989690721649,989,10.1958762886598,10,0.103092783505099,NA,"NAcluster_1,"
"6961","Steap4",996,10.2680412371134,994,10.2474226804124,2,0.0206185567009989,"NAcluster_6,","NAcluster_3,cluster_5,"
"7029","Col4a2",994,10.2474226804124,991,10.2164948453608,3,0.0309278350515996,"NAcluster_1,cluster_3,","NAcluster_6,cluster_7,"
"7032","Ccl7",994,10.2474226804124,993,10.2371134020619,1,0.0103092783505012,"NAcluster_3,cluster_4,",NA
"7119","Col6a2",992,10.2268041237113,989,10.1958762886598,3,0.0309278350515001,"NAcluster_7,","NAcluster_1,cluster_2,"
"7205","Marcks",988,10.1855670103093,984,10.1443298969072,4,0.0412371134021008,"NAcluster_3,cluster_4,","NAcluster_1,cluster_7,"
"7252","Egr1",986,10.1649484536082,981,10.1134020618557,5,0.0515463917525008,"NAcluster_6,","NAcluster_1,cluster_5,"
"7345","Cpe",984,10.1443298969072,982,10.1237113402062,2,0.0206185567010007,"NAcluster_1,cluster_7,","NAcluster_3,cluster_4,cluster_5,"
"7989","Cd44",982,10.1237113402062,963,9.92783505154639,19,0.195876288659809,"NAcluster_5,","NAcluster_1,cluster_7,"
"8010","Lgals3",981,10.1134020618557,978,10.0824742268041,3,0.0309278350515996,"NAcluster_5,","NAcluster_1,cluster_2,cluster_3,"
"8089","Serpinb1a",979,10.0927835051546,931,9.5979381443299,48,0.4948453608247,"NAcluster_4,cluster_5,",NA
"8090","Capg",979,10.0927835051546,973,10.0309278350515,6,0.0618556701030997,"NAcluster_5,","NAcluster_1,cluster_6,cluster_7,"
"8702","Cd248",974,10.0412371134021,923,9.51546391752577,51,0.525773195876331,"NAcluster_3,",NA
"8706","Ppp1r1b",974,10.0412371134021,963,9.92783505154639,11,0.113402061855711,"NAcluster_7,","NAcluster_5,"
"8776","Cryab",973,10.0309278350515,970,10,3,0.0309278350515001,"NAcluster_1,",NA
"8796","Unc5b",973,10.0309278350515,969,9.98969072164948,4,0.0412371134020209,"NAcluster_3,",NA
"8873","Nrp2",971,10.0103092783505,967,9.96907216494845,4,0.0412371134020493,NA,"NAcluster_1,"
"9413","Ckb",966,9.95876288659794,964,9.93814432989691,2,0.0206185567010309,"NAcluster_1,cluster_3,","NAcluster_6,cluster_7,"
"9453","Ms4a7",965,9.94845360824742,959,9.88659793814433,6,0.061855670103089,NA,"NAcluster_1,"
"9526","Sema3d",963,9.92783505154639,958,9.87628865979381,5,0.0515463917525807,"NAcluster_1,",NA
"9622","Mylk4",962,9.91752577319588,956,9.85567010309278,6,0.0618556701030997,"NAcluster_1,",NA
"9632","Grin2a",962,9.91752577319588,954,9.83505154639175,8,0.0824742268041305,NA,"NAcluster_1,"
"9638","Myh10",962,9.91752577319588,906,9.34020618556701,56,0.577319587628869,"NAcluster_1,cluster_3,",NA
"9684","Igfbp5",961,9.90721649484536,958,9.87628865979381,3,0.0309278350515498,"NAcluster_3,cluster_4,","NAcluster_7,"
"9744","Rbpms2",959,9.88659793814433,952,9.81443298969072,7,0.0721649484536098,"NAcluster_1,cluster_3,",NA
"9748","Uchl1",959,9.88659793814433,951,9.80412371134021,8,0.0824742268041199,"NAcluster_1,","NAcluster_6,cluster_7,"
"9756","Gpnmb",958,9.87628865979381,908,9.36082474226804,50,0.51546391752577,NA,"NAcluster_7,"
"9765","Fam162a",958,9.87628865979381,952,9.81443298969072,6,0.061855670103089,"NAcluster_5,",NA
"9771","Hspb7",958,9.87628865979381,905,9.3298969072165,53,0.546391752577309,"NAcluster_1,",NA
"10257","Sod3",958,9.87628865979381,948,9.77319587628866,10,0.103092783505149,"NAcluster_1,cluster_2,cluster_3,cluster_4,","NAcluster_6,cluster_7,"
"10331","Vps8",956,9.85567010309278,948,9.77319587628866,8,0.0824742268041199,"NAcluster_7,",NA
"10332","Pcolce2",956,9.85567010309278,953,9.82474226804124,3,0.030927835051541,"NAcluster_7,","NAcluster_1,cluster_2,cluster_3,cluster_4,"
"10354","Phex",955,9.84536082474227,941,9.70103092783505,14,0.14432989690722,"NAcluster_7,",NA
"10445","Fbln5",953,9.82474226804124,948,9.77319587628866,5,0.0515463917525789,"NAcluster_1,cluster_2,cluster_3,cluster_5,","NAcluster_6,cluster_7,"
"10447","Cdh13",953,9.82474226804124,949,9.78350515463918,4,0.0412371134020599,"NAcluster_1,cluster_2,cluster_3,cluster_5,","NAcluster_6,cluster_7,"
"10488","Vit",952,9.81443298969072,944,9.7319587628866,8,0.0824742268041199,"NAcluster_7,","NAcluster_1,"
"10514","Edil3",951,9.80412371134021,942,9.71134020618557,9,0.0927835051546406,"NAcluster_7,","NAcluster_1,cluster_2,cluster_3,"
"11093","Hexb",949,9.78350515463918,942,9.71134020618557,7,0.0721649484536098,NA,"NAcluster_7,"
"11140","Hspb2",948,9.77319587628866,945,9.74226804123711,3,0.0309278350515498,"NAcluster_1,",NA
"11245","Ctsl",947,9.76288659793815,938,9.6701030927835,9,0.0927835051546513,"NAcluster_3,cluster_4,cluster_5,","NAcluster_6,cluster_7,"
"11296","Crispld2",946,9.75257731958763,940,9.69072164948454,6,0.061855670103089,"NAcluster_1,cluster_3,","NAcluster_5,"
"11301","Cd68",946,9.75257731958763,944,9.7319587628866,2,0.0206185567010291,NA,"NAcluster_1,cluster_7,"
"11318","Col27a1",945,9.74226804123711,933,9.61855670103093,12,0.123711340206182,"NAcluster_7,","NAcluster_1,cluster_2,cluster_3,cluster_5,"
"11378","Col8a1",944,9.7319587628866,895,9.22680412371134,49,0.505154639175261,"NAcluster_3,","NAcluster_1,cluster_6,cluster_7,"
"11399","Aprt",944,9.7319587628866,938,9.6701030927835,6,0.0618556701031014,NA,"NAcluster_7,"
"11430","Plvap",943,9.72164948453608,936,9.64948453608247,7,0.0721649484536098,"NAcluster_4,cluster_5,","NAcluster_7,"
"11437","Sparc",943,9.72164948453608,939,9.68041237113402,4,0.0412371134020599,"NAcluster_7,","NAcluster_1,cluster_2,"
"11454","Col1a2",942,9.71134020618557,939,9.68041237113402,3,0.0309278350515498,"NAcluster_7,","NAcluster_1,cluster_2,"
"11483","Hspb1",942,9.71134020618557,938,9.6701030927835,4,0.0412371134020706,"NAcluster_1,cluster_3,","NAcluster_7,"
"11513","Prrx2",941,9.70103092783505,934,9.62886597938144,7,0.0721649484536115,"NAcluster_1,","NAcluster_7,"
"11573","Cxcl2",940,9.69072164948454,939,9.68041237113402,1,0.0103092783505208,"NAcluster_3,cluster_4,","NAcluster_7,"
"11776","Sh3bgr",936,9.64948453608247,884,9.11340206185567,52,0.5360824742268,"NAcluster_1,","NAcluster_5,"
"12416","Gem",935,9.63917525773196,923,9.51546391752577,12,0.12371134020619,"NAcluster_4,cluster_6,",NA
"12423","Dapl1",935,9.63917525773196,925,9.5360824742268,10,0.10309278350516,"NAcluster_6,",NA
"12447","Crim1",934,9.62886597938144,931,9.5979381443299,3,0.0309278350515392,"NAcluster_3,",NA
"12449","Myl9",934,9.62886597938144,919,9.47422680412371,15,0.15463917525773,"NAcluster_1,cluster_2,cluster_3,","NAcluster_6,cluster_7,"
"12468","Nfkbia",933,9.61855670103093,929,9.57731958762887,4,0.0412371134020599,"NAcluster_4,cluster_6,","NAcluster_1,cluster_7,"
"12484","Efhd1",933,9.61855670103093,926,9.54639175257732,7,0.0721649484536098,"NAcluster_1,",NA
"12503","Col11a1",933,9.61855670103093,932,9.60824742268041,1,0.010309278350519,"NAcluster_7,","NAcluster_1,cluster_2,cluster_3,cluster_4,cluster_5,"
"13013","Mfge8",932,9.60824742268041,918,9.4639175257732,14,0.144329896907211,"NAcluster_7,","NAcluster_5,"
"13030","Gngt2",932,9.60824742268041,920,9.48453608247423,12,0.12371134020618,NA,"NAcluster_6,cluster_7,"
"13146","Pla1a",930,9.58762886597938,926,9.54639175257732,4,0.0412371134020599,"NAcluster_5,","NAcluster_1,cluster_2,"
"13214","Jun",929,9.57731958762887,925,9.5360824742268,4,0.0412371134020688,"NAcluster_3,cluster_4,cluster_6,","NAcluster_5,"
"13225","Pdgfc",928,9.56701030927835,923,9.51546391752577,5,0.0515463917525807,NA,"NAcluster_1,cluster_2,"
"13228","Enah",928,9.56701030927835,924,9.52577319587629,4,0.0412371134020599,"NAcluster_1,",NA
"13232","Fgfrl1",928,9.56701030927835,919,9.47422680412371,9,0.0927835051546406,"NAcluster_7,","NAcluster_5,"
"13238","Slc22a1",928,9.56701030927835,923,9.51546391752577,5,0.0515463917525807,"NAcluster_1,",NA
"13244","Atp1b1",928,9.56701030927835,874,9.01030927835052,54,0.55670103092783,"NAcluster_3,",NA
"13272","Pim1",927,9.55670103092783,904,9.31958762886598,23,0.237113402061849,"NAcluster_4,",NA
"13364","Gabra3",925,9.5360824742268,902,9.29896907216495,23,0.237113402061851,"NAcluster_1,",NA
"13429","Phlda3",924,9.52577319587629,918,9.4639175257732,6,0.0618556701030908,"NAcluster_5,","NAcluster_6,cluster_7,"
"13434","Sdc4",924,9.52577319587629,916,9.44329896907217,8,0.0824742268041199,"NAcluster_6,cluster_7,","NAcluster_3,"
"13444","Cd109",923,9.51546391752577,872,8.98969072164948,51,0.52577319587629,"NAcluster_7,","NAcluster_1,cluster_2,"
"13445","Ecscr",923,9.51546391752577,920,9.48453608247423,3,0.0309278350515392,"NAcluster_2,cluster_4,","NAcluster_7,"
"13478","Hspb6",923,9.51546391752577,912,9.4020618556701,11,0.11340206185567,"NAcluster_1,","NAcluster_5,"
"13490","Nox4",922,9.50515463917526,913,9.41237113402062,9,0.0927835051546388,"NAcluster_1,cluster_2,","NAcluster_6,cluster_7,"
"13512","Col9a2",922,9.50515463917526,917,9.45360824742268,5,0.0515463917525789,"NAcluster_7,","NAcluster_1,cluster_3,cluster_5,"
"13546","Ccdc3",921,9.49484536082474,917,9.45360824742268,4,0.0412371134020599,"NAcluster_1,cluster_3,",NA
"13611","Klf4",921,9.49484536082474,915,9.43298969072165,6,0.0618556701030908,"NAcluster_6,cluster_7,","NAcluster_1,cluster_2,"
"13613","Fxyd5",921,9.49484536082474,905,9.3298969072165,16,0.16494845360824,"NAcluster_5,","NAcluster_1,cluster_2,cluster_3,"
"13647","Thy1",920,9.48453608247423,913,9.41237113402062,7,0.0721649484536098,"NAcluster_3,cluster_4,",NA
"13651","Mark1",920,9.48453608247423,917,9.45360824742268,3,0.0309278350515498,"NAcluster_1,",NA
"13669","Ccl2",920,9.48453608247423,920,9.48453608247423,0,0,"NAcluster_3,cluster_4,","NAcluster_1,cluster_7,"
"13675","Dhrs3",920,9.48453608247423,917,9.45360824742268,3,0.0309278350515498,NA,"NAcluster_3,"
"13681","Mmp3",920,9.48453608247423,916,9.44329896907217,4,0.0412371134020599,"NAcluster_4,cluster_5,cluster_6,","NAcluster_1,cluster_2,cluster_3,cluster_7,"
"13705","Sorl1",919,9.47422680412371,867,8.93814432989691,52,0.5360824742268,"NAcluster_1,",NA
"13707","Scx",919,9.47422680412371,899,9.2680412371134,20,0.20618556701031,"NAcluster_1,",NA
"13780","Fap",917,9.45360824742268,913,9.41237113402062,4,0.0412371134020599,"NAcluster_6,cluster_7,","NAcluster_1,cluster_2,cluster_5,"
"13790","Bpifb1",917,9.45360824742268,900,9.27835051546392,17,0.17525773195876,"NAcluster_6,cluster_7,","NAcluster_1,cluster_5,"
"13824","Mgll",916,9.44329896907217,916,9.44329896907217,0,0,"NAcluster_1,",NA
"13825","Ecm2",916,9.44329896907217,911,9.39175257731959,5,0.0515463917525807,"NAcluster_1,cluster_7,",NA
"13864","Cxcl12",916,9.44329896907217,908,9.36082474226804,8,0.0824742268041305,"NAcluster_2,cluster_3,cluster_4,","NAcluster_7,"
"13871","Fn1",916,9.44329896907217,898,9.25773195876289,18,0.185567010309281,"NAcluster_5,cluster_7,","NAcluster_1,cluster_2,"
"13911","Fstl3",915,9.43298969072165,865,8.91752577319588,50,0.51546391752577,"NAcluster_1,",NA
"13987","Loxl2",913,9.41237113402062,910,9.38144329896907,3,0.0309278350515498,"NAcluster_3,",NA
"14046","Cebpb",913,9.41237113402062,907,9.35051546391753,6,0.0618556701030908,"NAcluster_6,","NAcluster_5,"
"14048","Jag1",913,9.41237113402062,905,9.3298969072165,8,0.0824742268041199,"NAcluster_3,",NA
"14079","Stmn1",912,9.4020618556701,904,9.31958762886598,8,0.0824742268041199,NA,"NAcluster_7,"
"14091","Irf1",912,9.4020618556701,911,9.39175257731959,1,0.0103092783505101,"NAcluster_3,",NA
"14124","Nt5e",911,9.39175257731959,907,9.35051546391753,4,0.0412371134020599,NA,"NAcluster_1,cluster_2,cluster_3,cluster_4,"
"14125","Prss23",911,9.39175257731959,907,9.35051546391753,4,0.0412371134020599,"NAcluster_3,","NAcluster_6,cluster_7,"
"14146","Npy1r",911,9.39175257731959,909,9.37113402061856,2,0.0206185567010291,"NAcluster_1,",NA
"14154","Sertad4",911,9.39175257731959,905,9.3298969072165,6,0.061855670103089,"NAcluster_5,","NAcluster_1,"
"14203","Plat",910,9.38144329896907,907,9.35051546391753,3,0.030927835051541,"NAcluster_1,","NAcluster_7,"
"14389","Fblim1",910,9.38144329896907,905,9.3298969072165,5,0.05154639175257,"NAcluster_1,cluster_2,cluster_3,","NAcluster_6,cluster_7,"
"15418","Tmem158",909,9.37113402061856,904,9.31958762886598,5,0.0515463917525807,"NAcluster_2,",NA
"15430","Rnh1",909,9.37113402061856,897,9.24742268041237,12,0.12371134020619,"NAcluster_5,","NAcluster_7,"
"15438","Nrtn",908,9.36082474226804,901,9.28865979381443,7,0.0721649484536098,"NAcluster_7,","NAcluster_2,cluster_4,cluster_5,"
"15442","Ier2",908,9.36082474226804,857,8.83505154639175,51,0.52577319587629,"NAcluster_4,cluster_6,","NAcluster_1,cluster_5,"
"15474","Ppp1r14a",908,9.36082474226804,887,9.14432989690722,21,0.21649484536082,"NAcluster_1,cluster_3,","NAcluster_6,cluster_7,"
"15476","Chil1",908,9.36082474226804,902,9.29896907216495,6,0.0618556701030908,"NAcluster_6,cluster_7,","NAcluster_1,cluster_2,cluster_3,cluster_5,"
"15498","Sparcl1",907,9.35051546391753,902,9.29896907216495,5,0.0515463917525807,"NAcluster_1,",NA
"15552","Fam20c",907,9.35051546391753,904,9.31958762886598,3,0.0309278350515498,NA,"NAcluster_1,cluster_2,cluster_3,"
"15557","Npc2",906,9.34020618556701,900,9.27835051546392,6,0.0618556701030908,"NAcluster_5,","NAcluster_1,cluster_6,cluster_7,"
"15588","Arhgdib",906,9.34020618556701,902,9.29896907216495,4,0.0412371134020617,"NAcluster_2,","NAcluster_1,cluster_6,cluster_7,"
"15591","Fgl2",906,9.34020618556701,905,9.3298969072165,1,0.0103092783505101,"NAcluster_1,cluster_2,","NAcluster_7,"
"15611","Ccnd1",905,9.3298969072165,896,9.23711340206185,9,0.0927835051546513,"NAcluster_3,",NA
"15621","Sema3f",905,9.3298969072165,879,9.06185567010309,26,0.26804123711341,"NAcluster_1,",NA
"15633","Fmo3",905,9.3298969072165,901,9.28865979381443,4,0.0412371134020706,"NAcluster_1,",NA
"15655","Bhlhe41",904,9.31958762886598,902,9.29896907216495,2,0.0206185567010309,"NAcluster_7,",NA
"15700","Cemip",903,9.30927835051546,899,9.2680412371134,4,0.0412371134020599,"NAcluster_7,","NAcluster_1,"
"15894","Lbp",903,9.30927835051546,891,9.18556701030928,12,0.12371134020618,"NAcluster_7,","NAcluster_1,cluster_2,cluster_3,"
"15925","Scin",902,9.29896907216495,897,9.24742268041237,5,0.0515463917525789,"NAcluster_7,",NA
"16013","Pltp",901,9.28865979381443,894,9.21649484536082,7,0.0721649484536098,"NAcluster_7,","NAcluster_1,cluster_3,"
"16021","Pgm5",900,9.27835051546392,895,9.22680412371134,5,0.0515463917525807,"NAcluster_1,",NA
"16078","Pcolce",900,9.27835051546392,894,9.21649484536082,6,0.0618556701030997,"NAcluster_5,","NAcluster_1,cluster_2,cluster_7,"
"16109","Ehd3",899,9.2680412371134,897,9.24742268041237,2,0.0206185567010291,"NAcluster_7,","NAcluster_1,cluster_4,"
"16171","Plin2",898,9.25773195876289,888,9.15463917525773,10,0.10309278350516,NA,"NAcluster_7,"
"16662","Flnc",898,9.25773195876289,895,9.22680412371134,3,0.0309278350515498,"NAcluster_1,",NA
"16663","Fzd9",898,9.25773195876289,879,9.06185567010309,19,0.195876288659798,"NAcluster_7,","NAcluster_1,cluster_2,cluster_3,"
"16664","Abca1",898,9.25773195876289,874,9.01030927835052,24,0.247422680412368,"NAcluster_4,",NA
"16711","Mrc2",897,9.24742268041237,895,9.22680412371134,2,0.0206185567010309,"NAcluster_3,cluster_4,","NAcluster_7,"
"16734","Ctss",896,9.23711340206185,892,9.19587628865979,4,0.0412371134020599,NA,"NAcluster_5,cluster_7,"
"16787","C1ra",895,9.22680412371134,892,9.19587628865979,3,0.0309278350515498,"NAcluster_4,",NA
"16794","Cd9",895,9.22680412371134,845,8.71134020618557,50,0.51546391752577,"NAcluster_5,","NAcluster_2,cluster_3,cluster_6,"
"16835","Kdelr2",895,9.22680412371134,891,9.18556701030928,4,0.0412371134020599,"NAcluster_5,","NAcluster_1,"
"16905","Npnt",894,9.21649484536082,889,9.16494845360825,5,0.05154639175257,"NAcluster_1,cluster_2,","NAcluster_6,cluster_7,"
"16907","Hexa",894,9.21649484536082,892,9.19587628865979,2,0.0206185567010309,NA,"NAcluster_1,cluster_3,"
"16942","Gas6",893,9.20618556701031,890,9.17525773195876,3,0.0309278350515498,"NAcluster_1,cluster_2,cluster_4,","NAcluster_7,"
"16950","Rasl11a",893,9.20618556701031,871,8.97938144329897,22,0.226804123711341,"NAcluster_1,cluster_2,cluster_3,","NAcluster_7,"
"16974","Pdgfrl",893,9.20618556701031,892,9.19587628865979,1,0.0103092783505208,"NAcluster_7,","NAcluster_1,"
"17706","Fbxo2",891,9.18556701030928,879,9.06185567010309,12,0.123711340206189,"NAcluster_1,",NA
"17734","Ntf3",891,9.18556701030928,884,9.11340206185567,7,0.0721649484536098,"NAcluster_1,",NA
"17918","Nrp1",890,9.17525773195876,838,8.63917525773196,52,0.5360824742268,"NAcluster_2,cluster_3,","NAcluster_7,"
"17939","Tnfaip2",889,9.16494845360825,886,9.1340206185567,3,0.0309278350515498,"NAcluster_4,cluster_6,","NAcluster_1,cluster_2,"
"17966","Trpv4",889,9.16494845360825,884,9.11340206185567,5,0.0515463917525807,"NAcluster_7,","NAcluster_1,cluster_2,cluster_3,"
"18024","Cldn3",888,9.15463917525773,884,9.11340206185567,4,0.0412371134020599,"NAcluster_1,",NA
"18036","Hbegf",887,9.14432989690722,879,9.06185567010309,8,0.0824742268041287,"NAcluster_6,","NAcluster_1,cluster_2,"
"18054","Bambi",887,9.14432989690722,882,9.09278350515464,5,0.0515463917525789,"NAcluster_7,","NAcluster_3,"
"18141","Spp1",885,9.12371134020619,879,9.06185567010309,6,0.0618556701030997,"NAcluster_6,cluster_7,","NAcluster_1,cluster_2,cluster_3,"
"18157","Rgcc",885,9.12371134020619,879,9.06185567010309,6,0.0618556701030997,"NAcluster_6,","NAcluster_1,cluster_2,cluster_5,"
"18162","Pycard",885,9.12371134020619,884,9.11340206185567,1,0.0103092783505208,NA,"NAcluster_7,"
"18175","Rgs5",885,9.12371134020619,824,8.49484536082474,61,0.62886597938145,"NAcluster_1,cluster_2,cluster_3,","NAcluster_6,cluster_7,"
"18193","Marcksl1",884,9.11340206185567,865,8.91752577319588,19,0.19587628865979,"NAcluster_2,cluster_3,","NAcluster_7,"
"18199","Sdc2",884,9.11340206185567,881,9.08247422680412,3,0.0309278350515498,"NAcluster_5,","NAcluster_7,"
"18425","Ogn",881,9.08247422680412,832,8.57731958762887,49,0.505154639175251,"NAcluster_1,cluster_7,","NAcluster_5,"
"18437","Serpina3n",881,9.08247422680412,873,9,8,0.0824742268041199,"NAcluster_6,cluster_7,","NAcluster_1,cluster_5,"
"18440","Ndrg2",881,9.08247422680412,874,9.01030927835052,7,0.0721649484535991,"NAcluster_1,cluster_2,",NA
"18547","Tshz2",881,9.08247422680412,880,9.07216494845361,1,0.0103092783505101,"NAcluster_1,cluster_2,",NA
"18549","Egfl7",881,9.08247422680412,871,8.97938144329897,10,0.103092783505151,"NAcluster_2,",NA
"18572","Kitl",880,9.07216494845361,831,8.56701030927835,49,0.505154639175259,"NAcluster_1,",NA
"18588","Pde3a",880,9.07216494845361,878,9.05154639175258,2,0.0206185567010291,"NAcluster_1,cluster_2,cluster_3,","NAcluster_6,cluster_7,"
"18591","Optc",880,9.07216494845361,875,9.02061855670103,5,0.0515463917525789,"NAcluster_1,",NA
"18611","Fth1",879,9.06185567010309,876,9.03092783505155,3,0.030927835051541,"NAcluster_6,","NAcluster_3,cluster_5,"
"18623","Smoc2",879,9.06185567010309,872,8.98969072164948,7,0.0721649484536115,"NAcluster_7,","NAcluster_5,"
"18646","Sgcg",878,9.05154639175258,877,9.04123711340206,1,0.0103092783505208,"NAcluster_1,",NA
"18663","Col2a1",878,9.05154639175258,873,9,5,0.0515463917525807,"NAcluster_7,","NAcluster_1,cluster_2,cluster_3,cluster_4,cluster_5,cluster_6,"
"18664","Lpl",878,9.05154639175258,864,8.90721649484536,14,0.144329896907221,"NAcluster_3,","NAcluster_7,"
"18709","H2-Eb1",877,9.04123711340206,871,8.97938144329897,6,0.0618556701030908,"NAcluster_2,",NA
"18774","Vwf",876,9.03092783505155,868,8.94845360824742,8,0.0824742268041305,"NAcluster_2,",NA
"18779","Anxa1",876,9.03092783505155,873,9,3,0.0309278350515498,"NAcluster_5,","NAcluster_1,cluster_7,"
"18822","H2-Ab1",875,9.02061855670103,873,9,2,0.0206185567010309,"NAcluster_2,","NAcluster_7,"
"18884","Srpx2",874,9.01030927835052,872,8.98969072164948,2,0.0206185567010415,"NAcluster_7,","NAcluster_2,"
"18890","Dsp",874,9.01030927835052,869,8.95876288659794,5,0.0515463917525807,"NAcluster_1,",NA
"19088","Ppp1r15a",874,9.01030927835052,868,8.94845360824742,6,0.0618556701031014,"NAcluster_4,cluster_6,",NA
"19139","Oaf",873,9,868,8.94845360824742,5,0.0515463917525807,"NAcluster_5,","NAcluster_1,"
"19174","Saa3",873,9,821,8.4639175257732,52,0.5360824742268,"NAcluster_6,cluster_7,","NAcluster_2,cluster_3,"
"19176","Mmp13",873,9,868,8.94845360824742,5,0.0515463917525807,"NAcluster_6,","NAcluster_1,cluster_2,cluster_3,cluster_5,"
"19204","Ltbp4",872,8.98969072164948,859,8.85567010309278,13,0.134020618556699,"NAcluster_1,cluster_2,cluster_3,","NAcluster_6,cluster_7,"
"19229","Actg2",872,8.98969072164948,863,8.89690721649485,9,0.09278350515463,"NAcluster_1,cluster_3,","NAcluster_7,"
"19294","Ppa1",871,8.97938144329897,854,8.80412371134021,17,0.175257731958759,"NAcluster_7,",NA
"19316","Sox9",871,8.97938144329897,861,8.87628865979381,10,0.10309278350516,"NAcluster_6,cluster_7,","NAcluster_1,cluster_2,cluster_3,cluster_4,cluster_5,"
"19320","Cgref1",871,8.97938144329897,867,8.93814432989691,4,0.0412371134020599,"NAcluster_7,","NAcluster_1,cluster_2,cluster_4,"
"19348","Thbs2",870,8.96907216494845,822,8.47422680412371,48,0.494845360824741,"NAcluster_3,",NA
"19379","Ank",869,8.95876288659794,861,8.87628865979381,8,0.0824742268041305,"NAcluster_5,","NAcluster_1,"
"19395","Ramp2",869,8.95876288659794,854,8.80412371134021,15,0.15463917525773,NA,"NAcluster_1,"
"19517","Nupr1",868,8.94845360824742,865,8.91752577319588,3,0.0309278350515392,"NAcluster_5,","NAcluster_6,cluster_7,"
"19523","Cygb",868,8.94845360824742,860,8.8659793814433,8,0.0824742268041199,"NAcluster_4,",NA
"19552","2200002D01Rik",868,8.94845360824742,858,8.84536082474227,10,0.103092783505149,"NAcluster_1,cluster_3,","NAcluster_7,"
"20077","Fndc1",867,8.93814432989691,852,8.78350515463917,15,0.154639175257739,"NAcluster_4,","NAcluster_1,cluster_7,"
"20092","Kcnn4",867,8.93814432989691,860,8.8659793814433,7,0.0721649484536098,"NAcluster_5,","NAcluster_7,"
"20291","Enpp1",865,8.91752577319588,856,8.82474226804124,9,0.0927835051546406,"NAcluster_7,","NAcluster_1,cluster_2,"
"20372","Qpct",864,8.90721649484536,812,8.37113402061856,52,0.536082474226799,"NAcluster_1,",NA
"20385","Smtn",864,8.90721649484536,856,8.82474226804124,8,0.0824742268041199,"NAcluster_1,cluster_3,","NAcluster_5,"
"20393","Ifitm3",864,8.90721649484536,851,8.77319587628866,13,0.134020618556699,"NAcluster_2,cluster_3,cluster_4,cluster_5,","NAcluster_6,cluster_7,"
"20418","Timp3",863,8.89690721649485,857,8.83505154639175,6,0.0618556701030997,"NAcluster_7,","NAcluster_3,cluster_4,"
"20469","Pdlim3",862,8.88659793814433,858,8.84536082474227,4,0.0412371134020599,"NAcluster_1,cluster_2,",NA
"20494","Bcam",862,8.88659793814433,859,8.85567010309278,3,0.0309278350515498,"NAcluster_1,",NA
"20557","Spon1",861,8.87628865979381,812,8.37113402061856,49,0.505154639175249,"NAcluster_2,",NA
"20606","Rnf149",860,8.8659793814433,854,8.80412371134021,6,0.061855670103089,NA,"NAcluster_1,"
"20652","Tinagl1",859,8.85567010309278,849,8.75257731958763,10,0.103092783505151,"NAcluster_1,cluster_3,","NAcluster_6,cluster_7,"
"20666","Ebf1",859,8.85567010309278,855,8.81443298969072,4,0.0412371134020599,"NAcluster_1,cluster_3,cluster_4,","NAcluster_7,"
"20684","Cotl1",859,8.85567010309278,856,8.82474226804124,3,0.030927835051541,NA,"NAcluster_1,cluster_5,cluster_7,"
"20745","S100a6",858,8.84536082474227,857,8.83505154639175,1,0.0103092783505208,"NAcluster_1,cluster_3,cluster_5,","NAcluster_6,cluster_7,"
"20795","Tceal6",857,8.83505154639175,853,8.79381443298969,4,0.0412371134020599,"NAcluster_1,",NA
"20840","Edn1",856,8.82474226804124,851,8.77319587628866,5,0.0515463917525789,"NAcluster_2,",NA
"20908","Abcc9",855,8.81443298969072,853,8.79381443298969,2,0.0206185567010309,"NAcluster_1,cluster_2,",NA
"20914","Lox",855,8.81443298969072,850,8.76288659793814,5,0.0515463917525807,"NAcluster_1,cluster_2,cluster_3,","NAcluster_6,"
"20948","Fbxo32",855,8.81443298969072,804,8.28865979381443,51,0.52577319587629,"NAcluster_1,",NA
"20956","Stbd1",855,8.81443298969072,849,8.75257731958763,6,0.0618556701030908,"NAcluster_1,",NA
"21011","Lmcd1",854,8.80412371134021,847,8.7319587628866,7,0.0721649484536098,"NAcluster_1,","NAcluster_5,"
"21099","Plod2",853,8.79381443298969,849,8.75257731958763,4,0.0412371134020599,"NAcluster_7,","NAcluster_1,cluster_2,"
"21306","Tcap",852,8.78350515463917,844,8.70103092783505,8,0.0824742268041199,"NAcluster_1,cluster_7,","NAcluster_5,"
"21321","F2r",852,8.78350515463917,800,8.24742268041237,52,0.5360824742268,"NAcluster_2,cluster_3,","NAcluster_6,cluster_7,"
"21339","Spint2",852,8.78350515463917,840,8.65979381443299,12,0.123711340206182,"NAcluster_1,cluster_2,","NAcluster_7,"
"21342","Heyl",852,8.78350515463917,845,8.71134020618557,7,0.0721649484536009,"NAcluster_1,cluster_3,",NA
"21380","Cd59a",852,8.78350515463917,840,8.65979381443299,12,0.123711340206182,"NAcluster_1,",NA
"21424","Prr13",851,8.77319587628866,845,8.71134020618557,6,0.0618556701030908,"NAcluster_5,","NAcluster_6,cluster_7,"
"21436","Mgst1",851,8.77319587628866,840,8.65979381443299,11,0.113402061855671,"NAcluster_1,cluster_2,cluster_3,cluster_4,","NAcluster_6,cluster_7,"
"21560","Tnnt2",850,8.76288659793814,845,8.71134020618557,5,0.05154639175257,"NAcluster_1,",NA
"21620","Sfrp4",848,8.74226804123711,842,8.68041237113402,6,0.0618556701030908,"NAcluster_5,","NAcluster_1,cluster_7,"
"21766","Npr1",848,8.74226804123711,845,8.71134020618557,3,0.030927835051541,"NAcluster_1,cluster_2,",NA
"21829","Pcdh7",847,8.7319587628866,846,8.72164948453608,1,0.0103092783505208,"NAcluster_1,cluster_2,cluster_3,","NAcluster_6,cluster_7,"
"21872","Gdf10",846,8.72164948453608,840,8.65979381443299,6,0.0618556701030908,"NAcluster_6,cluster_7,","NAcluster_3,cluster_4,cluster_5,"
"21884","Selp",846,8.72164948453608,844,8.70103092783505,2,0.0206185567010291,"NAcluster_2,","NAcluster_7,"
"21888","Ctps",846,8.72164948453608,794,8.18556701030928,52,0.5360824742268,"NAcluster_1,cluster_3,",NA
"21902","Thbs1",846,8.72164948453608,844,8.70103092783505,2,0.0206185567010291,"NAcluster_3,cluster_5,","NAcluster_1,cluster_6,cluster_7,"
"21918","Ctsc",845,8.71134020618557,843,8.69072164948454,2,0.0206185567010291,"NAcluster_3,","NAcluster_7,"
"21939","Cx3cl1",845,8.71134020618557,840,8.65979381443299,5,0.0515463917525807,"NAcluster_3,","NAcluster_7,"
"22011","Crabp2",844,8.70103092783505,840,8.65979381443299,4,0.0412371134020617,"NAcluster_5,","NAcluster_1,"
"22015","Nr4a1",844,8.70103092783505,835,8.60824742268041,9,0.0927835051546406,"NAcluster_6,","NAcluster_5,"
"22031","Gadd45a",844,8.70103092783505,776,8,68,0.701030927835051,"NAcluster_6,","NAcluster_1,"
"22043","Kcnk3",844,8.70103092783505,841,8.67010309278351,3,0.030927835051541,"NAcluster_3,",NA
"22053","Trem2",843,8.69072164948454,841,8.67010309278351,2,0.0206185567010309,NA,"NAcluster_1,cluster_2,cluster_3,cluster_7,"
"22079","Hes1",843,8.69072164948454,824,8.49484536082474,19,0.1958762886598,"NAcluster_6,","NAcluster_1,"
"22318","Vat1",840,8.65979381443299,836,8.61855670103093,4,0.0412371134020599,NA,"NAcluster_7,"
"22329","Cbr2",840,8.65979381443299,838,8.63917525773196,2,0.0206185567010291,"NAcluster_1,cluster_2,","NAcluster_7,"
"22330","Parm1",840,8.65979381443299,790,8.14432989690722,50,0.51546391752577,"NAcluster_3,",NA
"22340","Lcn2",840,8.65979381443299,826,8.51546391752577,14,0.14432989690722,"NAcluster_6,cluster_7,","NAcluster_1,cluster_3,cluster_5,"
"22365","Ppic",839,8.64948453608248,829,8.54639175257732,10,0.103092783505161,"NAcluster_3,cluster_7,","NAcluster_1,cluster_2,cluster_6,"
"22396","Crlf1",839,8.64948453608248,831,8.56701030927835,8,0.0824742268041305,"NAcluster_3,cluster_5,","NAcluster_6,cluster_7,"
"22419","Chad",839,8.64948453608248,836,8.61855670103093,3,0.0309278350515516,"NAcluster_7,","NAcluster_1,cluster_3,cluster_5,cluster_6,"
"22441","Hspa1a",838,8.63917525773196,829,8.54639175257732,9,0.0927835051546406,"NAcluster_3,cluster_4,",NA
"22445","Junb",838,8.63917525773196,833,8.58762886597938,5,0.0515463917525807,"NAcluster_4,cluster_6,","NAcluster_1,cluster_5,cluster_7,"
"22474","Ptgs2",838,8.63917525773196,827,8.52577319587629,11,0.11340206185567,"NAcluster_6,","NAcluster_1,"
"22480","Ltbp2",837,8.62886597938144,826,8.51546391752577,11,0.11340206185567,"NAcluster_5,","NAcluster_1,cluster_7,"
"22487","Aspn",837,8.62886597938144,836,8.61855670103093,1,0.0103092783505101,"NAcluster_3,cluster_5,","NAcluster_7,"
"22503","Tmsb4x",837,8.62886597938144,836,8.61855670103093,1,0.0103092783505101,"NAcluster_1,cluster_2,cluster_3,","NAcluster_5,cluster_6,cluster_7,"
"22524","Cfh",837,8.62886597938144,835,8.60824742268041,2,0.0206185567010291,"NAcluster_2,cluster_3,cluster_4,","NAcluster_7,"
"22578","Tgm2",836,8.61855670103093,824,8.49484536082474,12,0.123711340206189,"NAcluster_1,cluster_2,","NAcluster_6,"
"22579","Notch3",836,8.61855670103093,823,8.48453608247423,13,0.134020618556699,"NAcluster_3,",NA
"22599","Fzd1",835,8.60824742268041,829,8.54639175257732,6,0.0618556701030908,"NAcluster_3,","NAcluster_7,"
"22706","Serpina3g",834,8.5979381443299,816,8.41237113402062,18,0.185567010309279,"NAcluster_4,",NA
"22711","Mmp2",834,8.5979381443299,832,8.57731958762887,2,0.0206185567010309,"NAcluster_4,cluster_5,","NAcluster_1,cluster_7,"
"22726","Tmie",834,8.5979381443299,833,8.58762886597938,1,0.0103092783505208,"NAcluster_7,",NA
"22727","Metrnl",834,8.5979381443299,828,8.5360824742268,6,0.0618556701030997,NA,"NAcluster_1,cluster_2,"
"22747","Thbd",834,8.5979381443299,829,8.54639175257732,5,0.0515463917525807,NA,"NAcluster_7,"
"22757","Rasgrp2",833,8.58762886597938,825,8.50515463917526,8,0.0824742268041199,"NAcluster_1,",NA
"22780","Prdx1",833,8.58762886597938,831,8.56701030927835,2,0.0206185567010291,"NAcluster_5,","NAcluster_6,cluster_7,"
"22794","Tyrobp",833,8.58762886597938,829,8.54639175257732,4,0.0412371134020599,NA,"NAcluster_7,"
"22817","Tgfb1",832,8.57731958762887,828,8.5360824742268,4,0.0412371134020688,NA,"NAcluster_1,cluster_3,"
"23062","Cd74",831,8.56701030927835,825,8.50515463917526,6,0.0618556701030908,"NAcluster_2,","NAcluster_7,"
"23077","Ccdc80",831,8.56701030927835,829,8.54639175257732,2,0.0206185567010309,"NAcluster_6,cluster_7,","NAcluster_1,cluster_2,cluster_5,"
"23440","Tgfb2",830,8.55670103092783,823,8.48453608247423,7,0.0721649484535991,"NAcluster_1,cluster_3,",NA
"23513","Matn2",829,8.54639175257732,825,8.50515463917526,4,0.0412371134020599,NA,"NAcluster_1,cluster_3,"
"23529","Sema3c",829,8.54639175257732,825,8.50515463917526,4,0.0412371134020599,"NAcluster_1,",NA
"23577","Pdgfa",829,8.54639175257732,824,8.49484536082474,5,0.0515463917525789,"NAcluster_3,cluster_5,","NAcluster_7,"
"23597","1500009L16Rik",828,8.5360824742268,824,8.49484536082474,4,0.0412371134020599,"NAcluster_1,",NA
"23616","Plekho1",828,8.5360824742268,774,7.97938144329897,54,0.55670103092783,"NAcluster_1,",NA
"23634","Id3",828,8.5360824742268,803,8.27835051546392,25,0.25773195876288,"NAcluster_3,cluster_5,","NAcluster_7,"
"23648","Fbn1",828,8.5360824742268,825,8.50515463917526,3,0.030927835051541,"NAcluster_3,cluster_4,cluster_5,","NAcluster_6,cluster_7,"
"23771","Wfdc1",826,8.51546391752577,810,8.35051546391752,16,0.16494845360825,"NAcluster_1,",NA
"23796","Sfrp2",825,8.50515463917526,820,8.45360824742268,5,0.0515463917525789,"NAcluster_1,cluster_2,cluster_3,cluster_4,","NAcluster_6,cluster_7,"
"23821","Mfap4",825,8.50515463917526,810,8.35051546391752,15,0.15463917525774,"NAcluster_1,cluster_2,","NAcluster_7,"
"23841","S100b",825,8.50515463917526,821,8.4639175257732,4,0.0412371134020599,"NAcluster_7,","NAcluster_1,cluster_2,cluster_3,"
"23900","Plin4",824,8.49484536082474,816,8.41237113402062,8,0.0824742268041199,"NAcluster_1,",NA
"23915","Fkbp11",824,8.49484536082474,821,8.4639175257732,3,0.030927835051541,"NAcluster_5,","NAcluster_1,"
"23932","Tubb5",824,8.49484536082474,817,8.42268041237113,7,0.0721649484536098,"NAcluster_3,","NAcluster_6,cluster_7,"
"23942","Lamb1",824,8.49484536082474,814,8.39175257731959,10,0.103092783505151,"NAcluster_4,",NA
"23946","Rrad",824,8.49484536082474,818,8.43298969072165,6,0.0618556701030908,"NAcluster_1,","NAcluster_5,"
"24008","Haus8",823,8.48453608247423,810,8.35051546391752,13,0.134020618556711,"NAcluster_7,",NA
"24009","Rarres1",823,8.48453608247423,822,8.47422680412371,1,0.0103092783505208,"NAcluster_7,","NAcluster_1,cluster_2,"
"24078","C3",822,8.47422680412371,818,8.43298969072165,4,0.0412371134020599,"NAcluster_4,cluster_6,","NAcluster_1,cluster_5,"
"24104","Myoc",822,8.47422680412371,821,8.4639175257732,1,0.0103092783505101,"NAcluster_7,",NA
"24145","Hapln1",821,8.4639175257732,819,8.44329896907217,2,0.0206185567010291,"NAcluster_7,","NAcluster_2,cluster_3,cluster_4,cluster_5,"
"24150","Mt2",821,8.4639175257732,819,8.44329896907217,2,0.0206185567010291,"NAcluster_6,","NAcluster_3,cluster_7,"
"24173","Loxl3",821,8.4639175257732,818,8.43298969072165,3,0.0309278350515498,"NAcluster_3,",NA
"24195","Omd",820,8.45360824742268,816,8.41237113402062,4,0.0412371134020599,"NAcluster_7,","NAcluster_3,cluster_5,"
"24218","G0s2",820,8.45360824742268,819,8.44329896907217,1,0.0103092783505101,"NAcluster_7,",NA
"24224","Gstm2",820,8.45360824742268,815,8.4020618556701,5,0.0515463917525807,"NAcluster_1,cluster_2,cluster_3,","NAcluster_6,cluster_7,"
"24229","Pcp4l1",820,8.45360824742268,818,8.43298969072165,2,0.0206185567010309,"NAcluster_1,",NA
"24287","Higd1a",819,8.44329896907217,815,8.4020618556701,4,0.0412371134020706,"NAcluster_5,","NAcluster_7,"
"24297","Col10a1",818,8.43298969072165,768,7.91752577319588,50,0.51546391752577,"NAcluster_7,","NAcluster_5,"
"24381","Ctla2a",817,8.42268041237113,814,8.39175257731959,3,0.030927835051541,"NAcluster_2,","NAcluster_7,"
"24389","Lmod1",817,8.42268041237113,814,8.39175257731959,3,0.030927835051541,"NAcluster_1,cluster_2,cluster_3,","NAcluster_6,cluster_7,"
"24423","Cpne8",816,8.41237113402062,813,8.38144329896907,3,0.0309278350515498,"NAcluster_6,","NAcluster_1,"
"24533","Fxyd1",816,8.41237113402062,803,8.27835051546392,13,0.134020618556701,"NAcluster_1,cluster_7,","NAcluster_5,"
"24557","Olfml3",815,8.4020618556701,761,7.84536082474227,54,0.55670103092783,NA,"NAcluster_1,cluster_2,"
"24646","Serpinf1",813,8.38144329896907,808,8.3298969072165,5,0.05154639175257,"NAcluster_3,cluster_4,cluster_5,","NAcluster_1,cluster_7,"
"24675","Acan",813,8.38144329896907,763,7.8659793814433,50,0.51546391752577,"NAcluster_7,","NAcluster_1,cluster_2,cluster_3,cluster_4,cluster_5,"
"24688","Pdlim4",813,8.38144329896907,802,8.2680412371134,11,0.113402061855671,"NAcluster_5,","NAcluster_7,"
"24746","Jund",812,8.37113402061856,808,8.3298969072165,4,0.0412371134020599,"NAcluster_6,","NAcluster_5,"
"24760","Ctsa",812,8.37113402061856,802,8.2680412371134,10,0.103092783505161,NA,"NAcluster_7,"
"24821","Isg15",811,8.36082474226804,808,8.3298969072165,3,0.0309278350515392,"NAcluster_4,",NA
"24850","Serping1",811,8.36082474226804,809,8.34020618556701,2,0.0206185567010291,"NAcluster_1,cluster_2,cluster_3,cluster_4,","NAcluster_6,cluster_7,"
"24903","Col14a1",810,8.35051546391752,761,7.84536082474227,49,0.505154639175249,"NAcluster_3,cluster_4,",NA
"25044","Epas1",808,8.3298969072165,805,8.29896907216495,3,0.0309278350515516,"NAcluster_2,cluster_3,","NAcluster_7,"
"25066","Alcam",808,8.3298969072165,797,8.21649484536083,11,0.113402061855671,"NAcluster_2,","NAcluster_7,"
"25088","Gas1",808,8.3298969072165,790,8.14432989690722,18,0.185567010309281,"NAcluster_4,cluster_5,","NAcluster_7,"
"25113","Atp1a2",808,8.3298969072165,803,8.27835051546392,5,0.0515463917525807,"NAcluster_1,cluster_7,","NAcluster_5,"
"25114","Tagln2",808,8.3298969072165,800,8.24742268041237,8,0.0824742268041305,"NAcluster_1,cluster_3,cluster_5,","NAcluster_6,cluster_7,"
"25127","Id2",807,8.31958762886598,786,8.10309278350515,21,0.216494845360829,"NAcluster_1,cluster_7,","NAcluster_4,cluster_5,"
"25186","Cytl1",807,8.31958762886598,803,8.27835051546392,4,0.0412371134020599,"NAcluster_7,","NAcluster_1,cluster_2,cluster_3,"
"25195","Fam180a",807,8.31958762886598,801,8.25773195876289,6,0.0618556701030908,"NAcluster_7,","NAcluster_1,"
"25458","Rhoj",804,8.28865979381443,787,8.11340206185567,17,0.17525773195876,"NAcluster_1,cluster_3,",NA
"25537","Fstl1",802,8.2680412371134,795,8.19587628865979,7,0.0721649484536098,"NAcluster_1,cluster_2,cluster_3,cluster_4,cluster_5,","NAcluster_6,cluster_7,"
"25547","Fbln2",802,8.2680412371134,801,8.25773195876289,1,0.0103092783505101,"NAcluster_2,cluster_3,cluster_4,cluster_5,","NAcluster_6,cluster_7,"
"25571","Prelp",802,8.2680412371134,793,8.17525773195876,9,0.0927835051546388,"NAcluster_7,","NAcluster_3,"
"25583","Cst6",801,8.25773195876289,797,8.21649484536083,4,0.0412371134020599,"NAcluster_5,","NAcluster_1,cluster_2,cluster_3,"
"25586","Sdf2l1",801,8.25773195876289,780,8.04123711340206,21,0.216494845360829,NA,"NAcluster_1,"
"25592","Col16a1",801,8.25773195876289,797,8.21649484536083,4,0.0412371134020599,NA,"NAcluster_1,cluster_2,"
"25597","Gadd45g",801,8.25773195876289,794,8.18556701030928,7,0.0721649484536098,"NAcluster_6,",NA
"25598","Serpinb9",801,8.25773195876289,799,8.23711340206186,2,0.0206185567010291,"NAcluster_1,",NA
"25649","Fbln1",800,8.24742268041237,797,8.21649484536083,3,0.030927835051541,"NAcluster_1,cluster_4,",NA
"25667","Dkk3",800,8.24742268041237,794,8.18556701030928,6,0.0618556701030908,"NAcluster_1,cluster_5,","NAcluster_6,cluster_7,"
"25706","Ucma",799,8.23711340206186,796,8.20618556701031,3,0.0309278350515498,"NAcluster_7,","NAcluster_1,cluster_3,cluster_5,"
"25744","Tppp3",799,8.23711340206186,746,7.69072164948454,53,0.54639175257732,"NAcluster_5,","NAcluster_6,cluster_7,"
"25751","Mafb",799,8.23711340206186,794,8.18556701030928,5,0.0515463917525807,NA,"NAcluster_7,"
"25823","Klf10",797,8.21649484536083,789,8.1340206185567,8,0.0824742268041287,NA,"NAcluster_1,"
"25832","Ier3",797,8.21649484536083,794,8.18556701030928,3,0.0309278350515498,"NAcluster_6,","NAcluster_1,cluster_5,"
"25835","Mt1",797,8.21649484536083,794,8.18556701030928,3,0.0309278350515498,"NAcluster_1,cluster_6,","NAcluster_3,cluster_7,"
"25865","Ctsd",797,8.21649484536083,795,8.19587628865979,2,0.0206185567010397,NA,"NAcluster_6,"
"25876","Acta2",796,8.20618556701031,793,8.17525773195876,3,0.0309278350515498,"NAcluster_1,cluster_2,cluster_3,","NAcluster_5,cluster_6,cluster_7,"
"25878","Rbp4",796,8.20618556701031,792,8.16494845360825,4,0.0412371134020599,"NAcluster_1,cluster_7,","NAcluster_5,"
"25885","Crispld1",796,8.20618556701031,796,8.20618556701031,0,0,"NAcluster_7,","NAcluster_1,cluster_2,cluster_3,cluster_4,"
"25887","Nes",796,8.20618556701031,796,8.20618556701031,0,0,"NAcluster_1,",NA
"25967","Xylt1",795,8.19587628865979,785,8.09278350515464,10,0.103092783505149,"NAcluster_7,","NAcluster_1,cluster_2,cluster_3,cluster_4,"
"25991","Ndrg1",794,8.18556701030928,780,8.04123711340206,14,0.14432989690722,"NAcluster_2,",NA
"26008","Krt18",794,8.18556701030928,789,8.1340206185567,5,0.0515463917525789,"NAcluster_1,",NA
"26058","Ncam1",793,8.17525773195876,787,8.11340206185567,6,0.0618556701030908,"NAcluster_1,cluster_2,","NAcluster_7,"
"26079","Wnt16",793,8.17525773195876,789,8.1340206185567,4,0.0412371134020599,"NAcluster_1,",NA
"26086","Fabp5",793,8.17525773195876,786,8.10309278350515,7,0.0721649484536098,NA,"NAcluster_5,"
"26096","Anln",793,8.17525773195876,790,8.14432989690722,3,0.030927835051541,"NAcluster_1,",NA
"26101","Creb3l1",793,8.17525773195876,792,8.16494845360825,1,0.0103092783505101,NA,"NAcluster_1,"
"26102","Bok",793,8.17525773195876,789,8.1340206185567,4,0.0412371134020599,"NAcluster_5,","NAcluster_7,"
"26129","Ly6c1",792,8.16494845360825,788,8.12371134020619,4,0.0412371134020599,"NAcluster_4,cluster_5,","NAcluster_1,cluster_7,"
"26166","Tpm4",792,8.16494845360825,778,8.02061855670103,14,0.14432989690722,"NAcluster_3,cluster_5,","NAcluster_6,cluster_7,"
"26167","Cxcl14",792,8.16494845360825,787,8.11340206185567,5,0.0515463917525807,"NAcluster_4,","NAcluster_1,cluster_7,"
"26260","Grn",791,8.15463917525773,773,7.96907216494845,18,0.185567010309279,"NAcluster_4,","NAcluster_6,cluster_7,"
"26781","Gabarapl1",790,8.14432989690722,788,8.12371134020619,2,0.0206185567010291,"NAcluster_2,","NAcluster_6,cluster_7,"
"26787","Emp1",790,8.14432989690722,787,8.11340206185567,3,0.0309278350515498,"NAcluster_5,","NAcluster_1,cluster_7,"
"26822","Tmsb10",789,8.1340206185567,782,8.06185567010309,7,0.0721649484536098,"NAcluster_2,cluster_3,cluster_4,","NAcluster_1,cluster_6,cluster_7,"
"26824","Ecm1",789,8.1340206185567,787,8.11340206185567,2,0.0206185567010309,"NAcluster_3,cluster_5,","NAcluster_7,"
"26933","Gstm1",788,8.12371134020619,785,8.09278350515464,3,0.0309278350515498,"NAcluster_1,cluster_2,","NAcluster_7,"
"27467","Ace",787,8.11340206185567,784,8.08247422680412,3,0.0309278350515498,"NAcluster_1,cluster_2,","NAcluster_7,"
"27519","Txn1",786,8.10309278350515,781,8.05154639175258,5,0.05154639175257,NA,"NAcluster_7,"
"27553","Klf2",785,8.09278350515464,782,8.06185567010309,3,0.0309278350515498,"NAcluster_6,","NAcluster_1,"
"27556","Perp",785,8.09278350515464,785,8.09278350515464,0,0,"NAcluster_1,",NA
"27577","Tnfrsf12a",784,8.08247422680412,778,8.02061855670103,6,0.061855670103089,"NAcluster_3,cluster_5,","NAcluster_6,cluster_7,"
"27604","Aoc3",784,8.08247422680412,773,7.96907216494845,11,0.11340206185567,"NAcluster_1,cluster_3,",NA
"27646","Angpt2",783,8.07216494845361,781,8.05154639175258,2,0.0206185567010291,"NAcluster_3,","NAcluster_7,"
"27655","Lrp1",783,8.07216494845361,732,7.54639175257732,51,0.525773195876289,"NAcluster_5,","NAcluster_1,cluster_2,"
"27666","Fabp4",783,8.07216494845361,779,8.03092783505155,4,0.0412371134020599,"NAcluster_1,","NAcluster_7,"
"27675","Cp",783,8.07216494845361,781,8.05154639175258,2,0.0206185567010291,"NAcluster_6,cluster_7,","NAcluster_1,cluster_3,cluster_5,"
"27681","Mdk",783,8.07216494845361,777,8.01030927835052,6,0.061855670103089,"NAcluster_2,cluster_4,",NA
"27696","Laptm5",782,8.06185567010309,781,8.05154639175258,1,0.0103092783505101,NA,"NAcluster_1,cluster_3,cluster_5,"
"27711","Vcan",782,8.06185567010309,724,7.4639175257732,58,0.597938144329891,"NAcluster_1,","NAcluster_6,cluster_7,"
"27740","Ccl9",782,8.06185567010309,771,7.94845360824742,11,0.113402061855671,NA,"NAcluster_1,"
"27936","Mmp14",779,8.03092783505155,774,7.97938144329897,5,0.0515463917525798,"NAcluster_3,cluster_4,cluster_5,","NAcluster_1,cluster_7,"
"27942","Fmod",779,8.03092783505155,771,7.94845360824742,8,0.0824742268041296,"NAcluster_7,","NAcluster_1,cluster_2,cluster_3,cluster_4,cluster_5,"
"27977","Cilp2",778,8.02061855670103,772,7.95876288659794,6,0.0618556701030908,"NAcluster_7,","NAcluster_1,cluster_3,"
"28035","Adamts2",777,8.01030927835052,766,7.89690721649485,11,0.113402061855671,"NAcluster_3,cluster_4,cluster_5,","NAcluster_6,cluster_7,"
"28046","Gadd45b",777,8.01030927835052,772,7.95876288659794,5,0.0515463917525807,"NAcluster_3,cluster_6,","NAcluster_5,"
"28057","Serpine1",777,8.01030927835052,770,7.93814432989691,7,0.0721649484536107,"NAcluster_3,",NA
"28102","Lamc3",776,8,771,7.94845360824742,5,0.0515463917525798,"NAcluster_1,",NA
"28118","Cd14",775,7.98969072164948,769,7.92783505154639,6,0.0618556701030899,NA,"NAcluster_1,"
"28151","Inhba",775,7.98969072164948,771,7.94845360824742,4,0.0412371134020599,"NAcluster_5,","NAcluster_7,"
"28172","Eps8l2",775,7.98969072164948,771,7.94845360824742,4,0.0412371134020599,"NAcluster_7,",NA
"28174","Psmb10",774,7.97938144329897,767,7.90721649484536,7,0.0721649484536098,"NAcluster_4,",NA
"28179","Lrg1",774,7.97938144329897,770,7.93814432989691,4,0.0412371134020599,"NAcluster_2,",NA
"28216","Gja4",774,7.97938144329897,772,7.95876288659794,2,0.02061855670103,"NAcluster_3,",NA
"28276","Actg1",773,7.96907216494845,769,7.92783505154639,4,0.0412371134020599,"NAcluster_3,cluster_5,","NAcluster_6,cluster_7,"
"28402","Igfbp6",771,7.94845360824742,755,7.78350515463918,16,0.164948453608241,"NAcluster_5,","NAcluster_1,cluster_3,"
"28632","Znhit6",770,7.93814432989691,748,7.71134020618557,22,0.22680412371134,"NAcluster_6,cluster_7,","NAcluster_1,cluster_2,"
"28670","Ptprz1",769,7.92783505154639,766,7.89690721649485,3,0.0309278350515401,"NAcluster_1,",NA
"28673","Nbl1",769,7.92783505154639,718,7.4020618556701,51,0.52577319587629,"NAcluster_4,cluster_5,","NAcluster_7,"
"28811","Bst2",767,7.90721649484536,713,7.35051546391753,54,0.55670103092783,NA,"NAcluster_7,"
"29524","Tfrc",766,7.89690721649485,764,7.87628865979381,2,0.0206185567010397,"NAcluster_7,",NA
"30322","Nnmt",765,7.88659793814433,761,7.84536082474227,4,0.0412371134020599,"NAcluster_4,","NAcluster_7,"
"30358","Dpt",765,7.88659793814433,760,7.83505154639175,5,0.0515463917525807,"NAcluster_3,cluster_4,cluster_5,","NAcluster_1,cluster_2,cluster_7,"
"30864","Slc9a3r1",765,7.88659793814433,762,7.85567010309278,3,0.0309278350515507,"NAcluster_1,",NA
"30867","Cst3",765,7.88659793814433,764,7.87628865979381,1,0.0103092783505199,"NAcluster_6,cluster_7,","NAcluster_1,cluster_2,cluster_3,cluster_4,cluster_5,"
"30913","Cdkn1a",764,7.87628865979381,756,7.79381443298969,8,0.0824742268041208,"NAcluster_6,cluster_7,","NAcluster_1,cluster_2,cluster_3,"
"31421","Hmgb2",763,7.8659793814433,756,7.79381443298969,7,0.0721649484536107,NA,"NAcluster_5,"
"31435","C1qa",763,7.8659793814433,759,7.82474226804124,4,0.0412371134020599,NA,"NAcluster_1,cluster_5,cluster_7,"
"31491","Cdh11",762,7.85567010309278,760,7.83505154639175,2,0.02061855670103,"NAcluster_4,",NA
"31986","Susd5",762,7.85567010309278,757,7.80412371134021,5,0.0515463917525691,"NAcluster_7,","NAcluster_3,cluster_4,cluster_5,"
"32033","Id1",760,7.83505154639175,759,7.82474226804124,1,0.0103092783505092,"NAcluster_6,cluster_7,","NAcluster_1,cluster_5,"
"32038","Tubb2a",760,7.83505154639175,739,7.61855670103093,21,0.21649484536082,"NAcluster_7,","NAcluster_1,cluster_2,"
"32069","Gng11",760,7.83505154639175,755,7.78350515463918,5,0.05154639175257,"NAcluster_5,","NAcluster_1,cluster_7,"
"32120","Tpm2",759,7.82474226804124,754,7.77319587628866,5,0.0515463917525807,"NAcluster_1,cluster_2,cluster_3,","NAcluster_5,cluster_6,cluster_7,"
"32122","Tubb4b",759,7.82474226804124,749,7.72164948453608,10,0.10309278350516,NA,"NAcluster_7,"
"32131","Scara3",758,7.81443298969072,749,7.72164948453608,9,0.0927835051546397,"NAcluster_6,","NAcluster_1,cluster_2,cluster_3,"
"32145","Aqp1",758,7.81443298969072,751,7.74226804123711,7,0.0721649484536098,"NAcluster_2,cluster_3,cluster_5,","NAcluster_6,cluster_7,"
"32252","Eln",758,7.81443298969072,751,7.74226804123711,7,0.0721649484536098,"NAcluster_1,cluster_2,cluster_3,","NAcluster_6,cluster_7,"
"32268","Cox4i2",757,7.80412371134021,747,7.70103092783505,10,0.10309278350516,"NAcluster_7,",NA
"32406","Bglap",755,7.78350515463918,753,7.76288659793814,2,0.0206185567010397,"NAcluster_7,","NAcluster_5,"
"32439","Sox4",754,7.77319587628866,738,7.60824742268041,16,0.16494845360825,"NAcluster_2,cluster_3,cluster_4,","NAcluster_7,"
"32443","Mustn1",754,7.77319587628866,751,7.74226804123711,3,0.0309278350515498,"NAcluster_1,cluster_3,","NAcluster_6,cluster_7,"
"32486","Maged2",753,7.76288659793814,746,7.69072164948454,7,0.0721649484536,"NAcluster_7,","NAcluster_1,cluster_2,"
"33233","Chadl",751,7.74226804123711,748,7.71134020618557,3,0.0309278350515401,"NAcluster_7,",NA
"33235","Ramp1",751,7.74226804123711,749,7.72164948453608,2,0.02061855670103,"NAcluster_1,cluster_7,","NAcluster_5,"
"33259","Dnajb1",750,7.7319587628866,745,7.68041237113402,5,0.0515463917525798,"NAcluster_6,","NAcluster_5,"
"33300","Il18bp",750,7.7319587628866,748,7.71134020618557,2,0.02061855670103,"NAcluster_4,",NA
"33314","Ehd4",749,7.72164948453608,741,7.63917525773196,8,0.0824742268041199,"NAcluster_2,",NA
"33351","Rasl12",749,7.72164948453608,747,7.70103092783505,2,0.02061855670103,"NAcluster_1,",NA
"33430","Lrrc17",747,7.70103092783505,742,7.64948453608247,5,0.0515463917525798,"NAcluster_1,",NA
"33818","Clu",746,7.69072164948454,742,7.64948453608247,4,0.0412371134020697,"NAcluster_6,","NAcluster_1,cluster_3,"
"33822","Sat1",746,7.69072164948454,744,7.6701030927835,2,0.0206185567010397,NA,"NAcluster_7,"
"33827","Ly6a",746,7.69072164948454,732,7.54639175257732,14,0.14432989690722,"NAcluster_4,cluster_5,","NAcluster_1,cluster_7,"
"33851","Rasl10b",746,7.69072164948454,737,7.5979381443299,9,0.0927835051546397,"NAcluster_1,",NA
"34376","Phlda1",745,7.68041237113402,741,7.63917525773196,4,0.0412371134020599,"NAcluster_6,cluster_7,","NAcluster_1,cluster_2,cluster_5,"
"34390","Isyna1",745,7.68041237113402,742,7.64948453608247,3,0.0309278350515498,"NAcluster_2,",NA
"34393","Cxcl1",745,7.68041237113402,742,7.64948453608247,3,0.0309278350515498,"NAcluster_3,cluster_4,cluster_6,","NAcluster_1,cluster_5,cluster_7,"
"34487","B4galt5",744,7.6701030927835,741,7.63917525773196,3,0.0309278350515401,"NAcluster_4,",NA
"34508","Tnfrsf11b",743,7.65979381443299,738,7.60824742268041,5,0.0515463917525798,"NAcluster_7,","NAcluster_1,cluster_3,cluster_4,"
"34519","S100a4",743,7.65979381443299,738,7.60824742268041,5,0.0515463917525798,"NAcluster_3,cluster_5,","NAcluster_6,cluster_7,"
"34532","Fos",742,7.64948453608247,738,7.60824742268041,4,0.0412371134020599,"NAcluster_4,cluster_6,","NAcluster_5,"
"34546","Kcnmb1",742,7.64948453608247,741,7.63917525773196,1,0.0103092783505101,"NAcluster_1,cluster_3,",NA
"34549","Ifi27l2a",742,7.64948453608247,740,7.62886597938144,2,0.02061855670103,NA,"NAcluster_6,cluster_7,"
"34576","Aebp1",742,7.64948453608247,740,7.62886597938144,2,0.02061855670103,"NAcluster_1,cluster_3,cluster_4,cluster_5,","NAcluster_7,"
"34603","Mcam",741,7.63917525773196,738,7.60824742268041,3,0.0309278350515498,"NAcluster_1,cluster_3,","NAcluster_7,"
"34620","Cthrc1",741,7.63917525773196,678,6.98969072164948,63,0.64948453608248,"NAcluster_5,","NAcluster_1,cluster_7,"
"34642","Col5a2",740,7.62886597938144,735,7.57731958762887,5,0.05154639175257,"NAcluster_3,cluster_7,","NAcluster_1,cluster_2,"
"34660","Tspan2",740,7.62886597938144,736,7.58762886597938,4,0.0412371134020599,"NAcluster_1,",NA
"35220","Slco2a1",739,7.61855670103093,732,7.54639175257732,7,0.0721649484536098,"NAcluster_2,cluster_3,cluster_4,cluster_5,","NAcluster_7,"
"35236","Hp",738,7.60824742268041,735,7.57731958762887,3,0.0309278350515401,"NAcluster_6,cluster_7,","NAcluster_1,cluster_5,"
"35243","Rarres2",738,7.60824742268041,737,7.5979381443299,1,0.0103092783505101,"NAcluster_1,cluster_2,cluster_3,cluster_4,","NAcluster_7,"
"35272","Wfdc12",738,7.60824742268041,731,7.5360824742268,7,0.0721649484536098,"NAcluster_6,",NA
"35303","Loxl1",737,7.5979381443299,717,7.39175257731959,20,0.20618556701031,"NAcluster_1,cluster_2,cluster_3,cluster_4,","NAcluster_6,cluster_7,"
"35308","Lgals1",737,7.5979381443299,730,7.52577319587629,7,0.0721649484536098,"NAcluster_1,cluster_3,cluster_4,cluster_5,","NAcluster_6,cluster_7,"
"35807","Angptl2",737,7.5979381443299,726,7.48453608247423,11,0.11340206185567,"NAcluster_3,cluster_5,","NAcluster_1,cluster_7,"
"35908","C1qb",734,7.56701030927835,731,7.5360824742268,3,0.0309278350515498,NA,"NAcluster_7,"
"35923","Epdr1",733,7.55670103092784,730,7.52577319587629,3,0.0309278350515498,"NAcluster_5,",NA
"35963","Penk",733,7.55670103092784,730,7.52577319587629,3,0.0309278350515498,"NAcluster_6,","NAcluster_1,cluster_3,"
"35976","Dcn",732,7.54639175257732,728,7.50515463917526,4,0.0412371134020599,"NAcluster_5,cluster_6,cluster_7,","NAcluster_1,cluster_2,cluster_3,"
"35984","Ggct",732,7.54639175257732,730,7.52577319587629,2,0.02061855670103,NA,"NAcluster_1,"
"36030","Gxylt2",731,7.5360824742268,730,7.52577319587629,1,0.0103092783505101,"NAcluster_1,cluster_2,","NAcluster_6,"
"36183","Nid1",728,7.50515463917526,724,7.4639175257732,4,0.0412371134020608,"NAcluster_3,cluster_4,",NA
"36185","Sost",728,7.50515463917526,710,7.31958762886598,18,0.18556701030928,"NAcluster_1,cluster_2,","NAcluster_6,cluster_7,"
"36246","Scrg1",726,7.48453608247423,718,7.4020618556701,8,0.0824742268041305,"NAcluster_7,","NAcluster_1,cluster_2,cluster_3,cluster_4,cluster_5,cluster_6,"
"36812","Serpine2",724,7.4639175257732,721,7.43298969072165,3,0.0309278350515498,"NAcluster_6,cluster_7,","NAcluster_2,cluster_3,cluster_4,cluster_5,"
"36814","Serpinb6b",724,7.4639175257732,724,7.4639175257732,0,0,"NAcluster_1,cluster_2,cluster_3,","NAcluster_6,cluster_7,"
"36826","Lbh",724,7.4639175257732,720,7.42268041237113,4,0.0412371134020697,"NAcluster_1,","NAcluster_6,"
"36836","Cnn1",724,7.4639175257732,715,7.37113402061856,9,0.0927835051546397,"NAcluster_1,cluster_3,","NAcluster_5,cluster_6,cluster_7,"
"36851","Col9a3",723,7.45360824742268,712,7.34020618556701,11,0.11340206185567,"NAcluster_7,","NAcluster_1,cluster_2,cluster_3,cluster_5,"
"36911","Anxa2",722,7.44329896907217,718,7.4020618556701,4,0.0412371134020697,"NAcluster_5,","NAcluster_1,cluster_6,cluster_7,"
"36913","Saa1",722,7.44329896907217,720,7.42268041237113,2,0.0206185567010397,"NAcluster_6,","NAcluster_3,cluster_5,"
"37099","Ddah1",721,7.43298969072165,718,7.4020618556701,3,0.0309278350515498,NA,"NAcluster_1,"
"37161","Cped1",720,7.42268041237113,718,7.4020618556701,2,0.02061855670103,"NAcluster_1,cluster_2,","NAcluster_6,cluster_7,"
"37168","Rgs4",720,7.42268041237113,714,7.36082474226804,6,0.0618556701030899,"NAcluster_1,",NA
"37201","Pgf",718,7.4020618556701,707,7.28865979381443,11,0.11340206185567,"NAcluster_3,",NA
"37215","Bgn",718,7.4020618556701,714,7.36082474226804,4,0.0412371134020599,"NAcluster_1,cluster_3,",NA
"37253","Pamr1",718,7.4020618556701,711,7.32989690721649,7,0.0721649484536098,"NAcluster_5,",NA
"37325","Serinc5",717,7.39175257731959,714,7.36082474226804,3,0.0309278350515498,"NAcluster_7,",NA
"37342","AA467197",717,7.39175257731959,711,7.32989690721649,6,0.0618556701030997,"NAcluster_5,","NAcluster_1,cluster_7,"
"37353","Ly6e",716,7.38144329896907,710,7.31958762886598,6,0.0618556701030899,"NAcluster_2,cluster_4,","NAcluster_1,cluster_7,"
"37884","Ndufa4l2",715,7.37113402061856,709,7.30927835051546,6,0.0618556701030997,"NAcluster_5,","NAcluster_1,cluster_2,"
"38042","Angptl4",712,7.34020618556701,703,7.24742268041237,9,0.0927835051546397,"NAcluster_3,cluster_4,","NAcluster_7,"
"38126","Ctsk",709,7.30927835051546,709,7.30927835051546,0,0,"NAcluster_5,","NAcluster_1,"
"38468","Sdc1",705,7.2680412371134,701,7.22680412371134,4,0.0412371134020599,"NAcluster_3,cluster_4,cluster_5,","NAcluster_1,cluster_7,"
"38476","Fbxl22",705,7.2680412371134,703,7.24742268041237,2,0.02061855670103,"NAcluster_1,","NAcluster_5,cluster_7,"
"38501","Cstb",704,7.25773195876289,695,7.16494845360825,9,0.0927835051546397,NA,"NAcluster_7,"
"38514","Sdk2",704,7.25773195876289,701,7.22680412371134,3,0.0309278350515498,"NAcluster_7,","NAcluster_1,cluster_2,"
"38515","Uap1l1",704,7.25773195876289,698,7.19587628865979,6,0.0618556701031006,"NAcluster_4,",NA
"38545","Itih4",702,7.23711340206185,697,7.18556701030928,5,0.05154639175257,"NAcluster_1,cluster_2,","NAcluster_7,"
"38571","Prss12",701,7.22680412371134,692,7.1340206185567,9,0.0927835051546406,"NAcluster_1,",NA
"38649","Scube3",700,7.21649484536082,691,7.12371134020619,9,0.0927835051546309,"NAcluster_3,",NA
"39140","Cxcl16",700,7.21649484536082,695,7.16494845360825,5,0.05154639175257,NA,"NAcluster_7,"
"39237","C4b",698,7.19587628865979,686,7.07216494845361,12,0.12371134020618,"NAcluster_1,cluster_2,cluster_3,","NAcluster_6,cluster_7,"
"39775","Actn1",697,7.18556701030928,693,7.14432989690722,4,0.0412371134020599,"NAcluster_1,cluster_2,cluster_3,","NAcluster_6,cluster_7,"
"39777","Fosb",697,7.18556701030928,690,7.11340206185567,7,0.0721649484536107,"NAcluster_3,cluster_6,","NAcluster_1,cluster_5,"
"39778","Itga8",697,7.18556701030928,693,7.14432989690722,4,0.0412371134020599,"NAcluster_1,cluster_2,","NAcluster_6,cluster_7,"
"40276","Pmepa1",697,7.18556701030928,680,7.01030927835052,17,0.17525773195876,"NAcluster_1,cluster_3,cluster_5,","NAcluster_6,cluster_7,"
"40375","Ppp1r14b",695,7.16494845360825,681,7.02061855670103,14,0.14432989690722,"NAcluster_5,","NAcluster_1,cluster_7,"
"40407","Smoc1",694,7.15463917525773,683,7.04123711340206,11,0.11340206185567,"NAcluster_1,cluster_2,cluster_5,","NAcluster_7,"
"40447","Tes",693,7.14432989690722,692,7.1340206185567,1,0.0103092783505208,"NAcluster_1,",NA
"40466","Cdkn1c",693,7.14432989690722,686,7.07216494845361,7,0.0721649484536107,"NAcluster_7,","NAcluster_5,"
"40530","Pkd1",691,7.12371134020619,674,6.94845360824742,17,0.175257731958769,"NAcluster_5,",NA
"40548","Crip2",691,7.12371134020619,678,6.98969072164948,13,0.134020618556709,"NAcluster_5,","NAcluster_6,cluster_7,"
"41058","Anxa8",690,7.11340206185567,680,7.01030927835052,10,0.10309278350515,"NAcluster_5,","NAcluster_1,cluster_2,cluster_3,"
"41077","Lyz2",689,7.10309278350516,687,7.08247422680412,2,0.0206185567010397,NA,"NAcluster_7,"
"41203","Tmem119",688,7.09278350515464,687,7.08247422680412,1,0.0103092783505199,"NAcluster_5,","NAcluster_1,"
"41240","Bhlhe40",687,7.08247422680412,681,7.02061855670103,6,0.0618556701030899,"NAcluster_6,","NAcluster_1,cluster_3,"
"41245","Cyp1b1",687,7.08247422680412,685,7.06185567010309,2,0.02061855670103,"NAcluster_2,cluster_3,cluster_4,","NAcluster_7,"
"41265","Ibsp",686,7.07216494845361,683,7.04123711340206,3,0.0309278350515498,"NAcluster_7,","NAcluster_1,cluster_2,cluster_3,cluster_5,cluster_6,"
"41268","Tnxb",686,7.07216494845361,674,6.94845360824742,12,0.12371134020619,"NAcluster_1,",NA
"41395","Rhob",684,7.05154639175258,683,7.04123711340206,1,0.0103092783505199,"NAcluster_1,",NA
"42043","Ldlrad3",682,7.03092783505155,679,7,3,0.0309278350515498,"NAcluster_7,","NAcluster_2,cluster_3,"
"42056","H2-Aa",681,7.02061855670103,679,7,2,0.02061855670103,"NAcluster_2,",NA
"42073","Crip1",681,7.02061855670103,675,6.95876288659794,6,0.0618556701030899,"NAcluster_3,cluster_5,","NAcluster_6,cluster_7,"
"42143","Fst",679,7,675,6.95876288659794,4,0.0412371134020599,NA,"NAcluster_1,"
"42145","Gm17455",679,7,672,6.92783505154639,7,0.0721649484536098,"NAcluster_5,","NAcluster_1,cluster_2,cluster_3,"
"42160","Col3a1",678,6.98969072164948,677,6.97938144329897,1,0.0103092783505101,"NAcluster_3,cluster_5,","NAcluster_1,cluster_2,cluster_7,"
"42178","Sh3bgrl3",678,6.98969072164948,673,6.93814432989691,5,0.05154639175257,"NAcluster_5,","NAcluster_1,cluster_6,cluster_7,"
"42774","Cdc42ep3",677,6.97938144329897,671,6.91752577319588,6,0.0618556701030899,"NAcluster_7,","NAcluster_2,cluster_3,"
"43445","Slurp1",671,6.91752577319588,670,6.90721649484536,1,0.0103092783505199,"NAcluster_5,","NAcluster_1,cluster_2,"
"43453","Rbp1",671,6.91752577319588,666,6.8659793814433,5,0.0515463917525798,"NAcluster_1,cluster_2,cluster_3,cluster_4,cluster_5,","NAcluster_6,cluster_7,"
"43465","Frzb",671,6.91752577319588,662,6.82474226804124,9,0.0927835051546397,"NAcluster_7,","NAcluster_3,cluster_5,"
"43468","Dstn",671,6.91752577319588,667,6.87628865979381,4,0.0412371134020697,"NAcluster_1,cluster_3,","NAcluster_6,cluster_7,"
"43486","Btg2",670,6.90721649484536,665,6.85567010309278,5,0.0515463917525807,"NAcluster_6,cluster_7,","NAcluster_5,"
"44008","Hspa2",668,6.88659793814433,666,6.8659793814433,2,0.02061855670103,"NAcluster_1,",NA
"44078","Cxcl5",666,6.8659793814433,660,6.80412371134021,6,0.0618556701030899,"NAcluster_2,cluster_4,",NA
"44213","Cnn2",661,6.81443298969072,643,6.62886597938144,18,0.185567010309279,"NAcluster_1,cluster_2,cluster_3,","NAcluster_6,cluster_7,"
"44230","Cd24a",660,6.80412371134021,650,6.70103092783505,10,0.10309278350516,"NAcluster_7,","NAcluster_1,cluster_5,"
"44253","Mia",659,6.79381443298969,655,6.75257731958763,4,0.0412371134020599,"NAcluster_7,","NAcluster_3,cluster_5,"
"44292","Plpp3",657,6.77319587628866,654,6.74226804123711,3,0.0309278350515498,"NAcluster_4,cluster_5,","NAcluster_7,"
"44319","H2-K1",657,6.77319587628866,651,6.71134020618557,6,0.0618556701030899,"NAcluster_2,cluster_3,cluster_4,","NAcluster_5,cluster_7,"
"44332","Ltc4s",656,6.76288659793815,654,6.74226804123711,2,0.0206185567010397,"NAcluster_3,cluster_4,",NA
"44478","Ackr3",653,6.7319587628866,651,6.71134020618557,2,0.02061855670103,"NAcluster_5,",NA
"45127","Bglap2",646,6.65979381443299,642,6.61855670103093,4,0.0412371134020599,NA,"NAcluster_3,"
"45231","Abi3bp",644,6.63917525773196,640,6.5979381443299,4,0.0412371134020599,"NAcluster_6,","NAcluster_3,cluster_5,"
"45261","Mif",643,6.62886597938144,636,6.55670103092783,7,0.0721649484536098,"NAcluster_5,",NA
"45332","Mgst3",641,6.60824742268041,635,6.54639175257732,6,0.0618556701030899,"NAcluster_5,","NAcluster_6,"
"45399","C1s1",637,6.56701030927835,620,6.39175257731959,17,0.17525773195876,"NAcluster_3,cluster_4,","NAcluster_7,"
"45976","Zfp36",635,6.54639175257732,618,6.37113402061856,17,0.17525773195876,"NAcluster_3,cluster_6,","NAcluster_5,"
"45984","Wfdc17",635,6.54639175257732,631,6.50515463917526,4,0.0412371134020599,NA,"NAcluster_3,cluster_7,"
"46024","Srpx",634,6.5360824742268,632,6.51546391752577,2,0.0206185567010309,"NAcluster_7,",NA
"46074","Dmpk",633,6.52577319587629,614,6.3298969072165,19,0.19587628865979,"NAcluster_1,",NA
"46108","Fgfr3",631,6.50515463917526,624,6.43298969072165,7,0.0721649484536107,"NAcluster_7,",NA
"46132","Ttc9",630,6.49484536082474,626,6.45360824742268,4,0.0412371134020599,"NAcluster_5,","NAcluster_1,cluster_7,"
"46168","Gpx3",629,6.48453608247423,628,6.47422680412371,1,0.0103092783505208,"NAcluster_6,cluster_7,","NAcluster_1,cluster_2,cluster_5,"
"46180","Bmyc",629,6.48453608247423,625,6.44329896907216,4,0.0412371134020706,"NAcluster_1,",NA
"46234","Cd52",625,6.44329896907216,619,6.38144329896907,6,0.0618556701030899,NA,"NAcluster_6,cluster_7,"
"46239","C1qc",625,6.44329896907216,621,6.4020618556701,4,0.0412371134020599,NA,"NAcluster_2,cluster_6,cluster_7,"
"46795","Ftl1",622,6.41237113402062,617,6.36082474226804,5,0.0515463917525798,"NAcluster_4,","NAcluster_1,cluster_7,"
"46838","Prg4",619,6.38144329896907,616,6.35051546391753,3,0.0309278350515401,"NAcluster_5,cluster_6,","NAcluster_1,cluster_2,cluster_3,"
"46880","Sncg",616,6.35051546391753,613,6.31958762886598,3,0.0309278350515498,"NAcluster_3,cluster_4,cluster_5,","NAcluster_6,cluster_7,"
"46884","Col11a2",616,6.35051546391753,609,6.27835051546392,7,0.0721649484536098,"NAcluster_7,","NAcluster_1,cluster_2,cluster_3,cluster_4,cluster_5,"
"46908","Comp",615,6.34020618556701,614,6.3298969072165,1,0.0103092783505101,"NAcluster_6,cluster_7,","NAcluster_1,cluster_2,cluster_3,cluster_5,"
"46937","Smim5",613,6.31958762886598,604,6.22680412371134,9,0.0927835051546397,"NAcluster_7,",NA
"46943","Sfrp1",613,6.31958762886598,609,6.27835051546392,4,0.0412371134020599,"NAcluster_2,",NA
"47026","Slc39a1",610,6.28865979381443,603,6.21649484536082,7,0.0721649484536098,"NAcluster_5,",NA
"47109","Saa2",605,6.23711340206186,602,6.20618556701031,3,0.0309278350515498,"NAcluster_6,",NA
"47876","Ctsz",594,6.12371134020619,589,6.07216494845361,5,0.0515463917525798,NA,"NAcluster_1,cluster_6,cluster_7,"
"48213","Msrb1",590,6.08247422680412,581,5.98969072164948,9,0.0927835051546397,"NAcluster_1,","NAcluster_6,cluster_7,"
"48232","Cd34",589,6.07216494845361,580,5.97938144329897,9,0.0927835051546397,"NAcluster_5,",NA
"48266","Gpx1",587,6.05154639175258,585,6.03092783505155,2,0.02061855670103,"NAcluster_1,cluster_5,","NAcluster_7,"
"48296","Tuba1a",585,6.03092783505155,583,6.01030927835052,2,0.02061855670103,"NAcluster_3,cluster_5,","NAcluster_7,"
"48357","Mmp23",580,5.97938144329897,575,5.92783505154639,5,0.0515463917525798,"NAcluster_1,cluster_3,","NAcluster_7,"
"48394","Cyba",577,5.94845360824742,567,5.84536082474227,10,0.10309278350515,NA,"NAcluster_6,cluster_7,"
"48415","Clec11a",574,5.91752577319588,562,5.79381443298969,12,0.12371134020619,"NAcluster_7,",NA
"49724","Igfbp7",547,5.63917525773196,546,5.62886597938144,1,0.0103092783505199,"NAcluster_1,cluster_3,","NAcluster_2,cluster_7,"
"49729","Tagln",546,5.62886597938144,532,5.48453608247423,14,0.14432989690721,"NAcluster_1,cluster_2,cluster_3,","NAcluster_6,cluster_7,"
"49731","Col6a1",546,5.62886597938144,543,5.5979381443299,3,0.0309278350515401,"NAcluster_7,","NAcluster_1,cluster_2,"
"49848","Ctsb",524,5.4020618556701,520,5.36082474226804,4,0.0412371134020599,"NAcluster_4,","NAcluster_7,"
"50209","Col5a1",515,5.30927835051546,510,5.25773195876289,5,0.05154639175257,"NAcluster_3,cluster_5,","NAcluster_1,"
"50235","Tgfbi",508,5.23711340206186,507,5.22680412371134,1,0.0103092783505199,"NAcluster_5,","NAcluster_1,cluster_7,"
"50260","Fcer1g",499,5.14432989690722,496,5.11340206185567,3,0.0309278350515507,NA,"NAcluster_1,cluster_7,"
